form	lemma	POS	morph
༄༅༔		PUNCT
མན་ངག་	མན་ངག་	NOUN
གསེར་	གསེར་	NOUN
གྱི་	གི་	PART
ཐུར་མ་	ཐུར་མ་	NOUN
ཅན་	ཅན་	PART
ཞེ་	ཅེས་	PART
བྱ་བ་	བྱ་བ་	VERB
བཞུགས་	བཞུགས་	VERB
སོ་	གོ་	PART
༔		PUNCT
མཛད་པ་པོ་	མཛད་པ་པོ་	VERB
།		PUNCT
མྱང་	མྱང་	VERB
ཉི་མ་	ཉི་མ་	NOUN
འོད་ཟེར་	འོད་ཟེར་	NOUN
།		PUNCT
མངའ་བདག་	མངའ་བདག་	NOUN
མྱང་	མྱང་	VERB
ཉི་མ་	ཉི་མ་	NOUN
འོད་ཟེར་	འོད་ཟེར་	NOUN
གྱི་	གི་	PART
གཏེར་མ་	གཏེར་མ་	OTHER
འོ་	གོ་	PART
། །		PUNCT
ན་མོ་	ན་མོ་	X
གུ་རུ་	གུ་རུ་	PROPN
༔		PUNCT
དཔེར་ན་	དཔེར་ན་	NO_POS
མུན་	མུན་	NOUN
ལོང་	ལོང་	VERB
གསེར་	གསེར་	NOUN
གྱི་	གི་	PART
ས་གཞི་	ས་གཞི་	NOUN
ར་	ལ་	PART
བཞིན་	བཞིན་	NOUN
༔		PUNCT
གསེར་	གསེར་	NOUN
ལ་	ལ་	PART
གསེར་	གསེར་	NOUN
བཙལ་བ་	བཙལ་བ་	VERB
ས་	གིས་	PART
གསེར་	གསེར་	NOUN
དང་	དང་	NO_POS
མི་	མི་	PART
འཕྲད་	འཕྲད་	VERB
རང་ཉིད་	རང་ཉིད་	OTHER
ངལ་	ངལ་	VERB
༔		PUNCT
དེ་བཞིན་	དེ་བཞིན་	OTHER
སངས་རྒྱས་	སངས་རྒྱས་	NOUN
སྒོ་		
ཞུགས་	ཞུགས་	VERB
ལ་	ལ་	PART
༔		PUNCT
གཅིག་	གཅིག་	NUM
མི་	མི་	PART
ཤེས་པ་	ཤེས་པ་	VERB
ས་	གིས་	PART
གཅིག་	གཅིག་	NUM
སྒྲུབ་	སྒྲུབ་	VERB
༔		PUNCT
དོན་	དོན་	NOUN
མི་	མི་	PART
ཤེས་པ་	ཤེས་པ་	VERB
ས་	གིས་	PART
ཡང་ཡང་	ཡང་ཡང་	NO_POS
བསྒྲུབ་	བསྒྲུབ་	VERB
༔		PUNCT
རང་སེམས་	རང་སེམས་	NOUN
ཐང་	ཐང་	NOUN
ཆད་	ཆད་	VERB
རང་	རང་	PRON
ཕུང་	ཕུང་	VERB
འགྱུར་	འགྱུར་	VERB
༔		PUNCT
དེ་བ་	དེ་བ་	OTHER
ས་	གིས་	PART
དད་པ་	དད་པ་	VERB
གཙོ་	གཙོ་	NOUN
ར་	ལ་	PART
བྱེད་	བྱེད་	VERB
ཅིང་	ཅིང་	PART
༔		PUNCT
གཡོ་སྒྱུ་	གཡོ་སྒྱུ་	NOUN
མེད་པ་	མེད་པ་	VERB
ར་	ལ་	PART
བླ་མ་	བླ་མ་	NOUN
བསྟེན་	བསྟེན་	VERB
༔		PUNCT
ཕངས་སེམས་	ཕངས་སེམས་	NOUN
མེད་པ་	མེད་པ་	VERB
ར་	ལ་	PART
ནོར་རྫས་	ནོར་རྫས་	NOUN
ཕུལ་	ཕུལ་	VERB
༔		PUNCT
གདམས་ངག་	གདམས་ངག་	NOUN
སྟེང་	སྟེང་	NOUN
བཅད་	བཅད་	VERB
ཐེ་ཚོམ་	ཐེ་ཚོམ་	NOUN
སྤང་	སྤང་	VERB
༔		PUNCT
རང་སེམས་	རང་སེམས་	NOUN
དཔང་	དཔང་	NO_POS
དུ་	ལ་	PART
བཙུགས་	བཙུགས་	NO_POS
བྱ་	བྱ་	VERB
ན་	ནས་	PART
༔		PUNCT
ཕུང་པོ་	ཕུང་པོ་	NOUN
རླུང་	རླུང་	NOUN
དུ་	ལ་	PART
གཡབ་	གཡབ་	VERB
ཅིང་	ཅིང་	PART
བསྒྲུབ་	བསྒྲུབ་	VERB
༔		PUNCT
ངང་བསྲིང་	ངང་བསྲིང་	NO_POS
སྟོབས་	སྟོབས་	NOUN
དང་	དང་	NO_POS
ལྡན་པ་	ལྡན་པ་	VERB
ས་	གིས་	PART
བསྒྲུབ་	བསྒྲུབ་	VERB
༔		PUNCT
དེ་	སྟེ་	PART
ལ་	ལ་	PART
དྲག་སྔགས་	དྲག་སྔགས་	NOUN
ཐམས་ཅད་	ཐམས་ཅད་	DET
ཀྱི་	གི་	PART
མཛོད་	མཛོད་	NOUN
ལ་	ལ་	ADP
ས་	གིས་	PART
༔		PUNCT
མན་ངག་	མན་ངག་	NOUN
ཁྱད་པར་ཅན་	ཁྱད་པར་ཅན་	ADJ
གྱི་	གི་	PART
ལྡེ་མིག་	ལྡེ་མིག་	NOUN
འདི་	འདི་	DET
ས་	གིས་	PART
དབྱེ་བ་	དབྱེ་བ་	VERB
ར་	ལ་	PART
བྱ་	བྱ་	VERB
འོ་	གོ་	PART
༔		PUNCT
འདི་	འདི་	DET
ནི་	ནི་	NO_POS
ལུང་རིགས་	ལུང་རིགས་	NOUN
གསེར་	གསེར་	NOUN
གྱི་	གི་	PART
ཐུར་མ་	ཐུར་མ་	NOUN
ཞེ་	ཅེས་	PART
བྱ་	བྱ་	VERB
འོ་	གོ་	PART
༔		PUNCT
ཁྱད་པར་ཅན་	ཁྱད་པར་ཅན་	ADJ
གྱི་	གི་	PART
གདམས་པ་	གདམས་པ་	VERB
འོ་	གོ་	PART
༔		PUNCT
དེ་	སྟེ་	PART
ལ་	ལ་	PART
ལྷ་སྲིན་	ལྷ་སྲིན་	NOUN
སྡེ་བརྒྱད་	སྡེ་བརྒྱད་	OTHER
རྣམས་	རྣམས་	DET
ཀྱང་	ཀྱང་	PART
མན་ངག་	མན་ངག་	NOUN
འདི་	འདི་	DET
རྣམས་	རྣམས་	DET
དང་	དང་	NO_POS
ལྡན་	ལྡན་	VERB
ན་	ནས་	PART
བསྒྲུབ་པ་	བསྒྲུབ་པ་	VERB
ཡིན་	ཡིན་	NO_POS
ནོ་	གོ་	PART
༔		PUNCT
དེ་	དེ་	DET
འི་	གི་	PART
མན་ངག་	མན་ངག་	NOUN
ལ་	ལ་	PART
བརྟན་པ་	བརྟན་པ་	VERB
འི་	གི་	PART
མཁའ་	མཁའ་	NOUN
རྩིག་པ་	རྩིག་པ་	VERB
དང་	དང་	NO_POS
གཅིག་	གཅིག་	NUM
༔		PUNCT
དྲངས་པ་	དྲངས་པ་	VERB
འི་	གི་	PART
དམག་	དམག་	NOUN
ཟློག་པ་	ཟློག་པ་	VERB
དང་	དང་	NO_POS
གཉིས་	གཉིས་	NUM
༔		PUNCT
གཞན་	གཞན་	DET
དང་	དང་	NO_POS
འདྲ་	འདྲ་	VERB
མིན་	མིན་	AUX
ཡོང་བ་	ཡོང་བ་	VERB
ས་	གིས་	PART
གསལ་ཤིང་	གསལ་ཤིང་	NOUN
འཛུགས་པ་	འཛུགས་པ་	VERB
དང་	དང་	NO_POS
གསུམ་	གསུམ་	NUM
༔		PUNCT
དགྲ་བོ་	དགྲ་བོ་	NOUN
བྱད་	བྱད་	NO_POS
དུ་མ་	དུ་མ་	ADJ
ཚུད་	ཚུད་	VERB
ན་	ལ་	PART
རྒྱ་	རྒྱ་	NOUN
བྲེ་	བྲེ་	NOUN
བྱ་བ་	བྱ་བ་	VERB
དང་	དང་	NO_POS
བཞི་	བཞི་	NUM
༔		PUNCT
དྲོད་ཚད་	དྲོད་ཚད་	NO_POS
འཛིན་པ་	འཛིན་པ་	VERB
འི་	གི་	PART
བྱ་ར་བ་	བྱ་ར་བ་	NOUN
འི་	གི་	PART
སོ་པ་	སོ་པ་	NO_POS
དང་	དང་	NO_POS
ལྔ་	ལྔ་	NUM
༔		PUNCT
འགྲུལ་བ་	འགྲུལ་བ་	NO_POS
འི་	གི་	PART
སྲང་	སྲང་	NOUN
གཏོད་པ་	གཏོད་པ་	VERB
དང་	དང་	NO_POS
དྲུག་	དྲུག་	NUM
༔		PUNCT
དགྲ་བོ་	དགྲ་བོ་	NOUN
འི་	གི་	PART
བླ་	བླ་	NOUN
རྡོ་	རྡོ་	NOUN
གཟུང་བ་	གཟུང་བ་	VERB
དང་	དང་	NO_POS
བདུན་	བདུན་	NUM
༔		PUNCT
དགྲ་	དགྲ་	NOUN
ལ་	ལ་	PART
ཕྲ་མ་	ཕྲ་མ་	NOUN
འཇུག་པ་	འཇུག་པ་	VERB
དང་	དང་	NO_POS
བརྒྱད་	བརྒྱད་	NUM
༔		PUNCT
དགྲ་	དགྲ་	NOUN
ལ་	ལ་	PART
ཟ་	ཟ་	VERB
ལམ་བསྟན་པ་	ལམ་བསྟན་པ་	NO_POS
དང་	དང་	NO_POS
དགུ་	དགུ་	NUM
༔		PUNCT
ཁོ་	ཁོ་	PRON
འི་	གི་	PART
སྒོ་ཁ་	སྒོ་ཁ་	NO_POS
ར་	ལ་	PART
ལྷ་འདྲེ་	ལྷ་འདྲེ་	NOUN
འི་	གི་	PART
ཕོ་བྲང་	ཕོ་བྲང་	NOUN
བཅའ་བ་	བཅའ་བ་	VERB
དང་	དང་	NO_POS
བཅུ་	བཅུ་	NUM
༔		PUNCT
དཔང་པོ་	དཔང་པོ་	NOUN
ར་	ལ་	PART
བཞག་པ་	བཞག་པ་	VERB
དང་	དང་	NO_POS
བཅུ་གཅིག་	བཅུ་གཅིག་	NO_POS
༔		PUNCT
དགྲ་	དགྲ་	NOUN
ཟིན་	ཟིན་	VERB
གཡུལ་	གཡུལ་	NOUN
སྤྲད་པ་	སྤྲད་པ་	VERB
དང་	དང་	NO_POS
བཅུ་གཉིས་	བཅུ་གཉིས་	NO_POS
༔		PUNCT
དམག་	དམག་	NOUN
ཟ་	ཟ་	NOUN
སུ་	ལ་	PART
སྦྱིན་པ་	སྦྱིན་པ་	VERB
དང་	དང་	NO_POS
བཅུ་གསུམ་	བཅུ་གསུམ་	NO_POS
༔		PUNCT
མཐ་	མཐའ་	NOUN
ར་	ལ་	PART
སྒྲིབ་ཤིང་	སྒྲིབ་ཤིང་	NO_POS
འཛུག་པ་	འཛུག་པ་	NON_WORD
དང་	དང་	NO_POS
བཅུ་བཞི་	བཅུ་བཞི་	NO_POS
འོ་	གོ་	PART
༔		PUNCT
དེ་	སྟེ་	PART
ལ་	ལ་	PART
དང་པོ་	དང་པོ་	ADJ
བརྟན་པ་	བརྟན་པ་	VERB
འི་	གི་	PART
མཁའ་	མཁའ་	NOUN
རྩིག་པ་	རྩིག་པ་	VERB
ནི་	ནི་	NO_POS
༔		PUNCT
ཆོས་ཉིད་	ཆོས་ཉིད་	NOUN
ཀྱི་	གི་	PART
ངང་	ངང་	NOUN
ལ་	ལ་	PART
གནས་	གནས་	NOUN
ཤིང་	ཅིང་	PART
ལྟ་བ་	ལྟ་བ་	VERB
དང་	དང་	NO_POS
ལྡན་པ་	ལྡན་པ་	VERB
ར་	ལ་	PART
བྱ་བ་	བྱ་བ་	VERB
དང་	དང་	NO_POS
༔		PUNCT
ལྷ་	ལྷ་	NOUN
འི་	གི་	PART
གཉེན་པོ་	གཉེན་པོ་	NOUN
ཞེ་	ཅེས་	PART
བྱ་བ་	བྱ་བ་	VERB
དགོས་	དགོས་	VERB
ཏེ་	སྟེ་	PART
༔		PUNCT
དེ་ཡང་	དེ་ཡང་	ADV
མཚན་མ་	མཚན་མ་	NOUN
ཅན་	ཅན་	PART
གྱིས་	གིས་	PART
གཉེན་པོ་	གཉེན་པོ་	NOUN
ར་	ལ་	PART
མཚན་མ་	མཚན་མ་	NOUN
ཅན་	ཅན་	PART
ཉིད་	ཉིད་	DET
བསྒོམ་	བསྒོམ་	VERB
དགོས་	དགོས་	VERB
ཏེ་	སྟེ་	PART
༔		PUNCT
སྔོན་	སྔོན་	ADV
ཁོ་ན་	ཁོ་ན་	DET
ཡེ་ཤེས་	ཡེ་ཤེས་	NOUN
ལྷ་	ལྷ་	NOUN
ལ་	ལ་	PART
བསྙེན་པ་	བསྙེན་པ་	VERB
བྱེད་པ་	བྱེད་པ་	VERB
མན་ངག་	མན་ངག་	NOUN
གོ་	གོ་	PART
༔		PUNCT
དོན་	དོན་	NOUN
གཉིས་པ་	གཉིས་པ་	NUM
དྲངས་པ་	དྲངས་པ་	VERB
འི་	གི་	PART
དམག་	དམག་	NOUN
ཟློག་པ་	ཟློག་པ་	VERB
ནི་	ནི་	NO_POS
༔		PUNCT
ཡེ་ཤེས་	ཡེ་ཤེས་	NOUN
ལྷ་	ལྷ་	NOUN
ནི་	ནི་	NO_POS
དངོས་གྲུབ་	དངོས་གྲུབ་	NOUN
རིང་	རིང་	NOUN
ཞིང་	ཅིང་	PART
སྒྲུབ་	སྒྲུབ་	VERB
དཀའ་བ་	དཀའ་བ་	VERB
ས་	གིས་	PART
༔		PUNCT
འཇིག་རྟེན་	འཇིག་རྟེན་	NOUN
གྱི་	གི་	PART
དམ་ཅན་	དམ་ཅན་	NOUN
དྲེགས་པ་	དྲེགས་པ་	VERB
ཅན་	ཅན་	PART
ཡེ་ཤེས་	ཡེ་ཤེས་	NOUN
ལྷ་		
དམ་	གམ་	PART
ལ་བཏགས་	ལ་བཏགས་	OTHER
ཏེ་	སྟེ་	PART
༔		PUNCT
རང་རང་	རང་རང་	NO_POS
གིས་	གིས་	PART
སྒྲུབ་ཐབས་	སྒྲུབ་ཐབས་	NOUN
ན་	ནས་	PART
འབྱུང་བ་	འབྱུང་བ་	VERB
ལྟ་	ལྟ་	OTHER
བསྒྲུབ་	བསྒྲུབ་	VERB
སྟེ་	སྟེ་	PART
༔		PUNCT
དེ་ཡང་	དེ་ཡང་	ADV
ལྷ་	ལྷ་	NOUN
གཅིག་	གཅིག་	NUM
ལས་མ་	ལས་མ་	NO_POS
གྲུབ་	གྲུབ་	VERB
ཀྱང་	ཀྱང་	PART
རྦད་པ་	རྦད་པ་	NO_POS
དང་	དང་	NO_POS
གསད་པ་	གསད་པ་	VERB
བྱེད་པ་	བྱེད་པ་	VERB
འི་	གི་	PART
དུས་	དུས་	NOUN
སུ་	ལ་	PART
༔		PUNCT
ལྷ་འདྲེ་	ལྷ་འདྲེ་	NOUN
དྲེགས་པ་	དྲེགས་པ་	VERB
ཅན་	ཅན་	PART
ཐམས་ཅད་	ཐམས་ཅད་	DET
ལ་	ལ་	PART
ཕུད་	ཕུད་	NO_POS
སྦྱིན་	སྦྱིན་	VERB
དཔང་	དཔང་	NO_POS
གཟུགས་	གཟུགས་	NOUN
ཤག་	ཤག་	NO_POS
གདབ་	གདབ་	NO_POS
བསྐུལ་	བསྐུལ་	VERB
ཤེ་	ཤེ་	VERB
ཚད་	ཚད་	NOUN
བྱས་པ་	བྱས་པ་	VERB
འི་	གི་	PART
ཡོན་ཏན་	ཡོན་ཏན་	NOUN
གྱིས་	གིས་	PART
དགྲ་	དགྲ་	NOUN
འདྲེ་	འདྲེ་	NOUN
འི་	གི་	PART
རྒྱབ་རྟེན་	རྒྱབ་རྟེན་	NOUN
བྱེད་པ་	བྱེད་པ་	VERB
ནི་	ནི་	NO_POS
ཉུང་	ཉུང་	VERB
༔		PUNCT
རང་	རང་	PRON
གི་	གི་	PART
ལྷ་འདྲེ་	ལྷ་འདྲེ་	NOUN
ཚན་	ཚན་	NOUN
ཆེ་	ཆེ་	VERB
ཞིང་	ཅིང་	PART
རང་	རང་	PRON
གི་	གི་	PART
དམག་	དམག་	NOUN
རོག་	རོག་	PROPN
ཏུ་	ལ་	PART
ཡོང་བ་	ཡོང་བ་	VERB
མན་ངག་	མན་ངག་	NOUN
ཡིན་	ཡིན་	NO_POS
ནོ་	གོ་	PART
༔		PUNCT
དོན་	དོན་	NOUN
གསུམ་པ་	གསུམ་པ་	NUM
གསལ་ཤིང་	གསལ་ཤིང་	NOUN
འཛུགས་པ་	འཛུགས་པ་	VERB
ནི་	ནི་	NO_POS
༔		PUNCT
འཇིག་རྟེན་	འཇིག་རྟེན་	NOUN
གྱི་	གི་	PART
ཁམས་	ཁམས་	NOUN
ན་	ལ་	PART
བཏགས་	བཏགས་	VERB
ཚོགས་	ཚོགས་	NOUN
ཀྱི་	གི་	PART
མིང་	མིང་	NOUN
རུས་	རུས་	NOUN
འདྲ་འདྲ་	འདྲ་འདྲ་	NO_POS
མང་	མང་	VERB
དུ་ཡོད་པ་	དུ་ཡོད་པ་	NO_POS
ས་	གིས་	PART
དེ་	སྟེ་	PART
རྣམས་	རྣམས་	DET
ནོར་སྲིད་	ནོར་སྲིད་	OTHER
དེ་	སྟེ་	PART
༔		PUNCT
ཤིང་	ཅིང་	PART
གདུག་པ་	གདུག་པ་	ADJ
ཅན་	ཅན་	PART
གྱི་	གི་	PART
ཁྲམ་ཤིང་	ཁྲམ་ཤིང་	NO_POS
ལ་	ལ་	PART
དེ་	དེ་	DET
འི་	གི་	PART
མིང་	མིང་	NOUN
རུས་	རུས་	NOUN
དང་	དང་	NO_POS
༔		PUNCT
ཕ་མ་	ཕ་མ་	NOUN
དང་	དང་	NO_POS
ཡུལ་	ཡུལ་	NOUN
ཞིང་	ཅིང་	PART
དང་	དང་	NO_POS
ཐ་ན་	ཐ་ན་	NO_POS
བླ་	བླ་	NOUN
རྟགས་	རྟགས་	NOUN
ཡན་ཆད་	ཡན་ཆད་	ADV
སྲོག་	སྲོག་	NOUN
ཁང་	ཁང་	NOUN
ངམ་	གམ་	PART
དལ་ཁ་	དལ་ཁ་	NO_POS
ར་	ལ་	PART
གཟུག་	གཟུག་	NOUN
གོ་	གོ་	PART
༔		PUNCT
དེ་	སྟེ་	PART
ནི་	ནི་	NO_POS
གཞན་	གཞན་	DET
དུ་	ལ་	PART
མི་	མི་	PART
འབྱམས་	འབྱམས་	NO_POS
ཏེ་	སྟེ་	PART
མཐུ་	མཐུ་	NOUN
མྱུར་	མྱུར་	VERB
དུ་	ལ་	PART
འོང་བ་	འོང་བ་	VERB
འི་	གི་	PART
མན་ངག་	མན་ངག་	NOUN
གོ་	གོ་	PART
༔		PUNCT
དོན་	དོན་	NOUN
བཞི་པ་	བཞི་པ་	ADJ
རྒྱ་	རྒྱ་	NOUN
བྲེ་	བྲེ་	NOUN
བྱ་བ་	བྱ་བ་	VERB
ནི་	ནི་	NO_POS
༔		PUNCT
སྲུང་མ་	སྲུང་མ་	NOUN
ཆུན་	ཆུན་	NO_POS
ཡང་	ཀྱང་	PART
སྔགས་	སྔགས་	NOUN
ཀྱིས་	གིས་	PART
དགྲ་བོ་	དགྲ་བོ་	NOUN
བྱད་	བྱད་	NO_POS
དུ་མ་	དུ་མ་	ADJ
ཚུད་	ཚུད་	VERB
ན་	ལ་	PART
མཐུ་	མཐུ་	NOUN
བུལ་བ་	བུལ་བ་	VERB
ར་	ལ་	PART
ཡོང་བ་	ཡོང་བ་	VERB
ས་	གིས་	PART
དགྲ་	དགྲ་	NOUN
འི་	གི་	PART
ལིངྒ་		NON_WORD
ལ་	ལ་	PART
ཁྲག་	ཁྲག་	NOUN
སྣ་	སྣ་	NOUN
དང་	དང་	NO_POS
དུག་	དུག་	NOUN
སྣ་	སྣ་	NOUN
དང་	དང་	NO_POS
༔		PUNCT
ལྕགས་ཕྱེ་	ལྕགས་ཕྱེ་	NOUN
དང་	དང་	NO_POS
ཟངས་	ཟངས་	NOUN
ཕྱེ་	ཕྱེ་	VERB
དང་	དང་	NO_POS
༔		PUNCT
སྐེ་ཚེ་	སྐེ་ཚེ་	NO_POS
དང་	དང་	NO_POS
གུ་གུལ་	གུ་གུལ་	NO_POS
དང་	དང་	NO_POS
༔		PUNCT
ནད་	ནད་	NOUN
སྣ་	སྣ་	NOUN
མི་མཐུན་པ་	མི་མཐུན་པ་	NO_POS
འི་	གི་	PART
རྫ་	རྫ་	NOUN
ཚོགས་	ཚོགས་	NOUN
ཀྱིས་	གིས་	PART
གཞུང་	གཞུང་	NOUN
དེ་ཉིད་	དེ་ཉིད་	NOUN
ན་	ལ་	PART
ཐུན་	ཐུན་	NOUN
རྫ་	རྫ་	NOUN
སྔགས་	སྔགས་	NOUN
ཡོད་	ཡོད་	VERB
ན་	ལ་	PART
དེ་	དེ་	DET
ས་	གིས་	PART
བྲབ་	བྲབ་	NO_POS
༔		PUNCT
གཞུང་	གཞུང་	NOUN
དེ་ཉིད་	དེ་ཉིད་	NOUN
ན་	ལ་	PART
ཐུན་	ཐུན་	NOUN
སྔགས་	སྔགས་	NOUN
མེད་	མེད་	VERB
ན་	ལ་	PART
རྦད་པ་	རྦད་པ་	NO_POS
དང་	དང་	NO_POS
གསད་པ་	གསད་པ་	VERB
འི་	གི་	PART
དུས་	དུས་	NOUN
སུ་	ལ་	PART
༔		PUNCT
མཱ་	མཱ་	NO_POS
ར་	ར་	ADP
ཡ་	ཡ་	NOUN
ཐུན་	ཐུན་	NOUN
ས་	ས་	ADP
མ་	མ་	PART
ཡ་	ཡ་	NOUN
ཏིཥྛ་		NON_WORD
ལྷན་	ལྷན་	NOUN
༔		PUNCT
བྱ་བ་	བྱ་བ་	VERB
བཏགས་	བཏགས་	VERB
ལ་	ལ་	PART
ལིངྒ་		NON_WORD
ལ་	ལ་	PART
བྲབ་	བྲབ་	NO_POS
༔		PUNCT
དེ་ནས་	དེ་ནས་	NO_POS
ལིངྒ་		NON_WORD
དེ་	སྟེ་	PART
ཁོ་	ཁོ་	PRON
འི་	གི་	PART
ཁང་པ་	ཁང་པ་	NOUN
འི་	གི་	PART
གཡས་གཡོན་	གཡས་གཡོན་	NOUN
དུ་	ལ་	PART
སྦ་བ་	སྦ་བ་	VERB
དང་	དང་	NO_POS
༔		PUNCT
ཐུན་	ཐུན་	NOUN
གྱིས་	གིས་	PART
ཁང་པ་	ཁང་པ་	NOUN
འི་	གི་	PART
ཐ་མ་	ཐ་མ་	ADJ
བསྐོར་བ་	བསྐོར་བ་	VERB
ནི་	ནི་	NO_POS
ཐུན་	ཐུན་	NOUN
རྒྱ་	རྒྱ་	NOUN
ཞེ་	ཅེས་	PART
བྱ་བ་	བྱ་བ་	VERB
སྟེ་	སྟེ་	PART
མཐུ་	མཐུ་	NOUN
མྱུར་	མྱུར་	VERB
དུ་	ལ་	PART
ཡོང་བ་	ཡོང་བ་	VERB
འི་	གི་	PART
མན་ངག་	མན་ངག་	NOUN
གོ་	གོ་	PART
༔		PUNCT
དོན་	དོན་	NOUN
ལྔ་པ་	ལྔ་པ་	NUM
བྱ་ར་བ་	བྱ་ར་བ་	NOUN
འི་	གི་	PART
སོ་པ་	སོ་པ་	NO_POS
བཞག་པ་	བཞག་པ་	VERB
ནི་	ནི་	NO_POS
༔		PUNCT
རྟགས་	རྟགས་	NOUN
རབ་	རབ་	ADV
དངོ་	དངོ་	NOUN
སུ་	ལ་	PART
འོང་	འོང་	VERB
༔		PUNCT
འབྲིང་	འབྲིང་	NOUN
ཉམས་	ཉམས་	NOUN
སུ་	ལ་	PART
འོང་	འོང་	VERB
༔		PUNCT
ཐ་མ་	ཐ་མ་	ADJ
རྨི་ལམ་	རྨི་ལམ་	NOUN
དུ་	ལ་	PART
འོང་	འོང་	VERB
༔		PUNCT
སྒྲུབ་པ་	སྒྲུབ་པ་	VERB
འི་	གི་	PART
རྟགས་	རྟགས་	NOUN
བྱུང་བ་	བྱུང་བ་	VERB
དང་ལ་	དང་ལ་	NO_POS
ས་	གིས་	PART
སྦྱོར་	སྦྱོར་	VERB
བྱ་	བྱ་	VERB
སྟེ་	སྟེ་	PART
༔		PUNCT
སྒྲུབ་པ་	སྒྲུབ་པ་	VERB
འི་	གི་	PART
དུས་	དུས་	NOUN
སུ་	ལ་	PART
བླ་	བླ་	NOUN
རྟགས་	རྟགས་	NOUN
མེད་པ་	མེད་པ་	VERB
ར་	ལ་	PART
ལ་	ལ་	ADP
ས་	གིས་	PART
སྦྱོར་བྱེད་	སྦྱོར་བྱེད་	NO_POS
མི་	མི་	PART
རུང་བ་	རུང་བ་	VERB
ས་	གིས་	PART
༔		PUNCT
ལྷ་འདྲེ་	ལྷ་འདྲེ་	NOUN
དབལ་	དབལ་	NO_POS
སོ་	གོ་	PART
ལ་མ་	ལ་མ་	NO_POS
ཐོགས་པ་	ཐོགས་པ་	VERB
ར་	ལ་	PART
ལ་	ལ་	ADP
ས་	གིས་	PART
སྦྱོར་	སྦྱོར་	VERB
བྱ་	བྱ་	VERB
ན་	ལ་	PART
སླ་	སླ་	ADV
རང་	རང་	PRON
ལ་	ལ་	PART
ལྡོག་	ལྡོག་	VERB
༔		PUNCT
ལ་	ལ་	ADP
ས་	གིས་	PART
སྦྱོར་	སྦྱོར་	VERB
གྱི་	གི་	PART
དུས་	དུས་	NOUN
སུ་	ལ་	PART
ཡང་	ཀྱང་	PART
དགྲ་	དགྲ་	NOUN
དེ་	དེ་	DET
འི་	གི་	PART
བླ་མ་	བླ་མ་	NOUN
ཁུག་པ་	ཁུག་པ་	VERB
ལ་ལ་	ལ་ལ་	PRON
ས་	གིས་	PART
སྦྱོར་	སྦྱོར་	VERB
བྱ་བ་	བྱ་བ་	VERB
ལ་དོན་	ལ་དོན་	OTHER
མེད་	མེད་	VERB
དོ་	གོ་	PART
༔		PUNCT
བླ་	བླ་	NOUN
ཁུག་པ་	ཁུག་པ་	VERB
འི་	གི་	PART
རྟགས་	རྟགས་	NOUN
བྱུང་བ་	བྱུང་བ་	VERB
དང་	དང་	NO_POS
གསད་	གསད་	NO_POS
ལས་མ་	ལས་མ་	NO_POS
བྱ་	བྱ་	VERB
ན་	ལ་	PART
དགྲ་	དགྲ་	NOUN
མི་	མི་	PART
སོད་པ་	སོད་པ་	VERB
ས་	གིས་	PART
གསད་	གསད་	NO_POS
ལ་	ལ་	ADP
ས་	གིས་	PART
ཀྱི་	གི་	PART
བྱ་	བྱ་	VERB
ལུགས་	ལུགས་	NOUN
གལ་ཆེ་	གལ་ཆེ་	OTHER
འོ་	གོ་	PART
༔		PUNCT
མ་	མ་	PART
ཁུག་པ་	ཁུག་པ་	VERB
ར་	ལ་	PART
ལ་	ལ་	ADP
ས་	གིས་	PART
སྦྱོར་	སྦྱོར་	VERB
བྱ་	བྱ་	VERB
ན་	ལ་	PART
བླ་	བླ་	NOUN
ཡ་	ཡ་	OTHER
ན་	ནས་	PART
ཕྱི་	ཕྱི་	VERB
མི་	མི་	PART
ཁུག་པ་	ཁུག་པ་	VERB
ས་	གིས་	PART
༔		PUNCT
དེ་	སྟེ་	PART
ཁུག་མ་	ཁུག་མ་	NO_POS
ཁུག་	ཁུག་	VERB
གིས་	གིས་	PART
དྲོད་ཚད་	དྲོད་ཚད་	NO_POS
འཛིན་པ་	འཛིན་པ་	VERB
ནི་	ནི་	NO_POS
བྱ་ར་བ་	བྱ་ར་བ་	NOUN
དང་	དང་	NO_POS
འདྲ་བ་	འདྲ་བ་	VERB
ས་	གིས་	PART
གལ་ཆེ་	གལ་ཆེ་	OTHER
འོ་	གོ་	PART
༔		PUNCT
དོན་	དོན་	NOUN
དྲུག་པ་	དྲུག་པ་	NUM
འགྲུལ་བ་	འགྲུལ་བ་	NO_POS
འི་	གི་	PART
སྲང་	སྲང་	NOUN
བཏོད་པ་	བཏོད་པ་	NO_POS
ནི་	ནི་	NO_POS
༔		PUNCT
སྲུང་མ་	སྲུང་མ་	NOUN
ཉེ་	ཉེ་	VERB
ཡང་	ཀྱང་	PART
དམ་རྫས་	དམ་རྫས་	NOUN
ལ་	ལ་	PART
ཆགས་	ཆགས་	VERB
ན་	ནས་	PART
གནས་	གནས་	NOUN
སུ་	ལ་	PART
འཁོར་	འཁོར་	NOUN
ཞིང་	ཅིང་	PART
འགྲོ་	འགྲོ་	VERB
ར་	ལ་	PART
མི་འདོད་པ་	མི་འདོད་པ་	NO_POS
འམ་	གམ་	PART
༔		PUNCT
དགྲ་	དགྲ་	NOUN
སྔ་མ་	སྔ་མ་	ADJ
འི་	གི་	PART
ས་	ས་	ADP
ན་	ནས་	PART
ཁ་	ཁ་	PRON
མ་	མ་	PART
ཕྲལ་	ཕྲལ་	NO_POS
ན་	ནས་	PART
དགྲ་	དགྲ་	NOUN
ཕྱི་མ་	ཕྱི་མ་	ADJ
ལ་	ལ་	PART
མི་	མི་	PART
འགྲོ་	འགྲོ་	VERB
ན་	ལ་	PART
དེ་	སྟེ་	PART
ལ་	ལ་	PART
བྱ་	བྱ་	VERB
ཐབས་	ཐབས་	NOUN
ནི་	ནི་	NO_POS
༔		PUNCT
རང་	རང་	PRON
གི་	གི་	PART
གནས་ཁང་	གནས་ཁང་	NOUN
ངམ་	གམ་	PART
གཏོ་	གཏོ་	VERB
ཚུག་	ཚུག་	NO_POS
ན་	ནས་	PART
དགྲ་	དགྲ་	NOUN
འི་	གི་	PART
སྒོ་ཁ་	སྒོ་ཁ་	NO_POS
རུ་	ལ་	PART
ཐུན་	ཐུན་	NOUN
ཁྲག་	ཁྲག་	NOUN
གྲོད་པ་	གྲོད་པ་	NO_POS
ཞབས་	ཞབས་	NOUN
རྡོལ་	རྡོལ་	NO_POS
དུ་	ལ་	PART
བླུགས་	བླུགས་	VERB
ལ་	ལ་	PART
༔		PUNCT
དེ་	སྟེ་	PART
ཁབ་	ཁབ་	NOUN
ཀྱིས་	གིས་	PART
གཙག་	གཙག་	NO_POS
ལ་ཐིགས་པ་	ལ་ཐིགས་པ་	NO_POS
གཏོར་མ་	གཏོར་མ་	NOUN
ལ་	ལ་	PART
ཡང་	ཀྱང་	PART
བག་	བག་	NOUN
རེ་	རེ་	DET
འབུལ་	འབུལ་	NO_POS
༔		PUNCT
གཏོར་མ་	གཏོར་མ་	NOUN
དགྲ་	དགྲ་	NOUN
ལ་	ལ་	PART
ཟ་	ཟ་	VERB
ལམ་	གམ་	PART
བཏོད་	བཏོད་	NO_POS
དེ་	སྟེ་	PART
ལྷ་འདྲེ་	ལྷ་འདྲེ་	NOUN
དེ་	སྟེ་	PART
རུ་	ལ་	PART
ཁ་	ཁ་	PRON
བསྒྱུར་བ་	བསྒྱུར་བ་	VERB
འི་	གི་	PART
མན་ངག་	མན་ངག་	NOUN
གོ་	གོ་	PART
༔		PUNCT
དོན་	དོན་	NOUN
བདུན་པ་	བདུན་པ་	NUM
བླ་	བླ་	NOUN
རྡོ་	རྡོ་	NOUN
གཟུང་བ་	གཟུང་བ་	VERB
ནི་	ནི་	NO_POS
༔		PUNCT
ཁོ་	ཁོ་	PRON
འི་	གི་	PART
བླ་	བླ་	NOUN
རྡོ་	རྡོ་	NOUN
ཚེ་	ཚེ་	NOUN
སྔགས་པ་	སྔགས་པ་	NOUN
བདག་	བདག་	PRON
གི་	གི་	PART
སྲུང་མ་	སྲུང་མ་	NOUN
འི་	གི་	PART
ལག་	ལག་	NOUN
ཏུ་	ལ་	PART
གཏད་པ་	གཏད་པ་	VERB
འི་	གི་	PART
ཐབས་	ཐབས་	NOUN
ཡིན་	ཡིན་	NO_POS
ཁོ་	ཁོ་	PRON
འི་	གི་	PART
རྐང་རྗེས་	རྐང་རྗེས་	OTHER
ཀྱི་	གི་	PART
ས་	ས་	ADP
དང་	དང་	NO_POS
མཆིལ་མ་	མཆིལ་མ་	NOUN
དང་	དང་	NO_POS
སྣབས་	སྣབས་	NO_POS
དང་	དང་	NO_POS
ཕྱི་ས་	ཕྱི་ས་	NO_POS
དང་	དང་	NO_POS
སྐྲ་	སྐྲ་	NOUN
སེན་མོ་	སེན་མོ་	NOUN
དང་	དང་	NO_POS
གོ་	གོ་	NOUN
ར་	ར་	NOUN
དང་	དང་	NO_POS
ནོར་	ནོར་	NOUN
སྙིང་	སྙིང་	NOUN
འདྲ་བ་	འདྲ་བ་	VERB
འི་	གི་	PART
སྤུ་	སྤུ་	NOUN
དང་	དང་	NO_POS
ཐ་མ་	ཐ་མ་	ADJ
ཡང་	ཀྱང་	PART
ཞིང་	ཅིང་	PART
དང་	དང་	NO_POS
ཁང་པ་	ཁང་པ་	NOUN
འི་	གི་	PART
ས་	ས་	ADP
ཡན་ཆོད་	ཡན་ཆོད་	NO_POS
ལ་	ལ་	PART
རང་	རང་	PRON
གི་	གི་	PART
དྲི་མ་	དྲི་མ་	NOUN
མ་	མ་	PART
འདྲེས་པ་	འདྲེས་པ་	VERB
ར་	ལ་	PART
བྱ་	བྱ་	VERB
ན་	ནས་	PART
དགྲ་	དགྲ་	NOUN
འི་	གི་	PART
ལིངྒ་		NON_WORD
བྱ་བ་	བྱ་བ་	VERB
ནི་	ནི་	NO_POS
དགྲ་	དགྲ་	NOUN
འི་	གི་	PART
བླ་ཚེ་	བླ་ཚེ་	NO_POS
བཀུག་	བཀུག་	VERB
སྟེ་	སྟེ་	PART
མྱུར་	མྱུར་	VERB
དུ་	ལ་	PART
ཡོང་བ་	ཡོང་བ་	VERB
འི་	གི་	PART
མན་ངག་	མན་ངག་	NOUN
གོ་	གོ་	PART
༔		PUNCT
དོན་	དོན་	NOUN
བརྒྱད་པ་	བརྒྱད་པ་	NUM
ཕྲ་མ་	ཕྲ་མ་	NOUN
གཞུག་པ་	གཞུག་པ་	VERB
ལ་	ལ་	PART
གཉིས་	གཉིས་	NUM
ཏེ་	སྟེ་	PART
༔		PUNCT
རང་	རང་	PRON
གི་	གི་	PART
སྲུང་མ་	སྲུང་མ་	NOUN
དང་	དང་	NO_POS
ཁོ་	ཁོ་	PRON
ལ་	ལ་	PART
ཕྲ་མ་	ཕྲ་མ་	NOUN
གཞུག་པ་	གཞུག་པ་	VERB
དང་	དང་	NO_POS
༔		PUNCT
ཁོ་རང་	ཁོ་རང་	NO_POS
གི་	གི་	PART
སྲུང་མ་	སྲུང་མ་	NOUN
དང་	དང་	NO_POS
ཁོ་	ཁོ་	PRON
ལ་	ལ་	PART
ཕྲ་མ་	ཕྲ་མ་	NOUN
གཞུག་པ་	གཞུག་པ་	VERB
འོ་	གོ་	PART
༔		PUNCT
རང་	རང་	PRON
གི་	གི་	PART
སྲུང་མ་	སྲུང་མ་	NOUN
དང་	དང་	NO_POS
ཁོ་	ཁོ་	PRON
ལ་	ལ་	PART
ཕྲ་མ་	ཕྲ་མ་	NOUN
གཞུག་པ་	གཞུག་པ་	VERB
ནི་	ནི་	NO_POS
འདི་སྐད་	འདི་སྐད་	NO_POS
དོ་	གོ་	PART
༔		PUNCT
ཆེ་གེ་མོ་	ཆེ་གེ་མོ་	ADJ
འདི་	འདི་	DET
ས་	གིས་	PART
སངས་རྒྱས་	སངས་རྒྱས་	NOUN
ཀྱི་	གི་	PART
བསྟན་པ་	བསྟན་པ་	VERB
བཤིག་	བཤིག་	VERB
གོ་	གོ་	PART
༔		PUNCT
དཀོན་མཆོག་	དཀོན་མཆོག་	NOUN
གི་	གི་	PART
དབུ་འཕང་	དབུ་འཕང་	NOUN
སྨད་	སྨད་	NOUN
དོ་	གོ་	PART
༔		PUNCT
སྔགས་འཆང་	སྔགས་འཆང་	NOUN
རྣལ་འབྱོར་	རྣལ་འབྱོར་	NOUN
རྣམས་	རྣམས་	DET
ལ་	ལ་	PART
བསྡོས་	བསྡོས་	VERB
སོ་	གོ་	PART
༔		PUNCT
ལྷ་	ལྷ་	NOUN
དང་	དང་	NO_POS
སྲུང་མ་	སྲུང་མ་	NOUN
ཁྱེད་	ཁྱེད་	PRON
ལ་	ལ་	PART
ཁོ་	ཁོ་	VERB
བསྡོས་	བསྡོས་	VERB
སོ་	གོ་	PART
༔		PUNCT
ཐེར་	ཐེར་	NO_POS
རོ་	རོ་	NOUN
ཐོག་	ཐོག་	NOUN
གོ་	གོ་	PART
༔		PUNCT
ཁྱེད་	ཁྱེད་	PRON
ལ་	ལ་	PART
ཁོ་	ཁོ་	VERB
དམ་	གམ་	PART
སྨོད་པ་	སྨོད་པ་	VERB
ར་	ལ་	PART
གད་	གདའ་	VERB
འོ་	གོ་	PART
༔		PUNCT
ཁྱོད་	ཁྱོད་	PRON
ལ་	ལ་	PART
ཁོ་	ཁོ་	VERB
མི་རིགས་པ་	མི་རིགས་པ་	NOUN
ཆེན་པོ་	ཆེན་པོ་	ADJ
བྱེད་པ་	བྱེད་པ་	VERB
ར་	ལ་	PART
གད་	གདའ་	VERB
འོ་	གོ་	PART
༔		PUNCT
ཞེ་	ཅེས་	PART
བྲིས་	བྲིས་	VERB
ལ་	ལ་	PART
གདག་	གདག་	VERB
གོ་	གོ་	PART
༔		PUNCT
ཡང་ཡང་	ཡང་ཡང་	NO_POS
སྐབས་	སྐབས་	NOUN
སྐབས་	སྐབས་	NOUN
སུ་	ལ་	PART
བརྗོད་	བརྗོད་	VERB
དོ་	གོ་	PART
༔		PUNCT
ཁོ་རང་	ཁོ་རང་	NO_POS
གི་	གི་	PART
སྲུང་མ་	སྲུང་མ་	NOUN
དང་	དང་	NO_POS
ཕྲ་མ་	ཕྲ་མ་	NOUN
གཞུག་པ་	གཞུག་པ་	VERB
ནི་	ནི་	NO_POS
བྱ་ཕོ་	བྱ་ཕོ་	NO_POS
རོག་	རོག་	PROPN
དང་	དང་	NO_POS
འུག་པ་	འུག་པ་	NOUN
འི་	གི་	PART
སྒྲོ་	སྒྲོ་	NOUN
ལ་	ལ་	PART
ལྷ་	ལྷ་	NOUN
དང་	དང་	NO_POS
ཕྱེ་བ་	ཕྱེ་བ་	VERB
དང་	དང་	NO_POS
ཉེ་འབྱེད་	ཉེ་འབྱེད་	NO_POS
ལ་	ལ་	ADP
ས་	གིས་	PART
ཀྱི་	གི་	PART
ཕྲ་མ་	ཕྲ་མ་	NOUN
འི་	གི་	PART
ཆོ་ག་	ཆོ་ག་	NOUN
བྱ་	བྱ་	VERB
འོ་	གོ་	PART
༔		PUNCT
སྒྲོ་	སྒྲོ་	NOUN
གཉིས་	གཉིས་	NUM
བ་	བ་	NOUN
དུ་	ལ་	PART
ལིངྒ་		NON_WORD
གཞུག་	གཞུག་	VERB
གུ་གུལ་	གུ་གུལ་	NO_POS
དང་	དང་	NO_POS
མུ་ཟི་	མུ་ཟི་	NO_POS
ལ་སོགས་པ་	ལ་སོགས་པ་	NO_POS
རྨེ་	རྨེ་	NO_POS
རྫ་	རྫ་	NOUN
ཀྱིས་	གིས་	PART
བདུག་	བདུག་	NO_POS
གོ་	གོ་	PART
༔		PUNCT
དེ་	དེ་	DET
ས་	གིས་	PART
ཁོ་	ཁོ་	PRON
ལྷ་	ལྷ་	NOUN
དང་	དང་	NO_POS
བྲལ་	བྲལ་	VERB
ན་	ནས་	PART
རང་	རང་	PRON
གི་	གི་	PART
སྲུང་མ་	སྲུང་མ་	NOUN
ས་	གིས་	PART
དབང་མེད་	དབང་མེད་	ADJ
དུ་	ལ་	PART
ཁུག་	ཁུག་	VERB
ན་	ནས་	PART
ཡོང་བ་	ཡོང་བ་	VERB
འི་	གི་	PART
མན་ངག་	མན་ངག་	NOUN
གོ་	གོ་	PART
༔		PUNCT
དོན་	དོན་	NOUN
དགུ་པ་	དགུ་པ་	ADJ
ཟ་	ཟ་	VERB
ལམ་བསྟན་པ་	ལམ་བསྟན་པ་	NO_POS
ནི་	ནི་	NO_POS
༔		PUNCT
ནངས་ནུབ་	ནངས་ནུབ་	NO_POS
ཚོགས་མཆོད་	ཚོགས་མཆོད་	NOUN
བྱེད་པ་	བྱེད་པ་	VERB
དང་	དང་	NO_POS
༔		PUNCT
སྨན་	སྨན་	NOUN
མཆོད་	མཆོད་	VERB
བྱེད་པ་	བྱེད་པ་	VERB
དང་	དང་	NO_POS
༔		PUNCT
གཏོར་མ་	གཏོར་མ་	NOUN
འབུལ་བ་	འབུལ་བ་	VERB
དང་	དང་	NO_POS
༔		PUNCT
ཐམས་ཅད་	ཐམས་ཅད་	DET
ཆེ་གེ་མོ་	ཆེ་གེ་མོ་	ADJ
འི་	གི་	PART
ཤ་ཁྲག་	ཤ་ཁྲག་	NOUN
ཏུ་	ལ་	PART
དམིགས་	དམིགས་	VERB
ལ་	ལ་	PART
འབུལ་	འབུལ་	NO_POS
ལོ་	གོ་	PART
༔		PUNCT
ཆེ་	ཆེ་	VERB
གེའི་		NON_WORD
ཤ་ལ་	ཤ་ལ་	NO_POS
རོལ་	རོལ་	VERB
ཅིག་	ཅིག་	PART
༔		PUNCT
ཁྲག་	ཁྲག་	NOUN
ལ་	ལ་	PART
ཐུངས་		NON_WORD
ཤིག་	ཅིག་	PART
༔		PUNCT
རུས་པ་	རུས་པ་	NOUN
འཆོས་	འཆོས་	VERB
ཤིག་	ཅིག་	PART
༔		PUNCT
ཚེ་	ཚེ་	NOUN
ལ་	ལ་	PART
ཟ་	ཟ་	VERB
ལམ་	གམ་	PART
སྟོན་	སྟོན་	VERB
ཅིག་	ཅིག་	PART
༔		PUNCT
ཅེས་	ཅེས་	PART
བརྗོད་	བརྗོད་	VERB
ཅིང་	ཅིང་	PART
ལིངྒ་		NON_WORD
གཏོར་མ་	གཏོར་མ་	NOUN
ར་	ལ་	PART
སྟོབས་	སྟོབས་	NOUN
༔		PUNCT
ནངས་ནུབ་	ནངས་ནུབ་	NO_POS
རྟག་	རྟག་	VERB
ཏུ་	ལ་	PART
གདབ་	གདབ་	NO_POS
ལ་	ལ་	ADP
ས་	གིས་	PART
བྱ་	བྱ་	VERB
འོ་	གོ་	PART
༔		PUNCT
དེ་	སྟེ་	PART
ནི་	ནི་	NO_POS
ཟ་	ཟ་	VERB
ལམ་བསྟན་པ་	ལམ་བསྟན་པ་	NO_POS
ཞེ་	ཅེས་	PART
བྱ་	བྱ་	VERB
སྟེ་	སྟེ་	PART
ཚར་གཅོད་པ་	ཚར་གཅོད་པ་	NOUN
འི་	གི་	PART
མན་ངག་	མན་ངག་	NOUN
གོ་	གོ་	PART
༔		PUNCT
དོན་	དོན་	NOUN
བཅུ་པ་	བཅུ་པ་	NUM
ཁོ་	ཁོ་	PRON
འི་	གི་	PART
སྒོ་ཁ་	སྒོ་ཁ་	NO_POS
ར་	ལ་	PART
ལྷ་འདྲེ་	ལྷ་འདྲེ་	NOUN
འི་	གི་	PART
ཕོ་བྲང་	ཕོ་བྲང་	NOUN
བཅའ་བ་	བཅའ་བ་	VERB
ནི་	ནི་	NO_POS
༔		PUNCT
ཐོད་པ་	ཐོད་པ་	NOUN
མཚན་	མཚན་	NOUN
ངན་	ངན་	VERB
གཅིག་	གཅིག་	NUM
ཏུ་	ལ་	PART
འཇིག་རྟེན་པ་	འཇིག་རྟེན་པ་	NOUN
འི་	གི་	PART
ལྷ་འདྲེ་	ལྷ་འདྲེ་	NOUN
འི་	གི་	PART
མིང་	མིང་	NOUN
དང་	དང་	NO_POS
༔		PUNCT
སྙིང་པོ་	སྙིང་པོ་	NOUN
དང་	དང་	NO_POS
ཐུན་	ཐུན་	NOUN
རྫ་	རྫ་	NOUN
སྣ་ཚོགས་	སྣ་ཚོགས་	DET
བསྲེ་	བསྲེ་	NO_POS
ཞིང་	ཅིང་	PART
བླུག་	བླུག་	VERB
གོ་	གོ་	PART
༔		PUNCT
དེ་	སྟེ་	PART
ཁོ་	ཁོ་	PRON
འི་	གི་	PART
སྒོ་ཁ་	སྒོ་ཁ་	NO_POS
ར་	ལ་	PART
མནན་	མནན་	VERB
ན་	ལ་	PART
ལྷ་འདྲེ་	ལྷ་འདྲེ་	NOUN
ཐམས་ཅད་	ཐམས་ཅད་	DET
ཁོ་	ཁོ་	PRON
འི་	གི་	PART
ཁང་པ་	ཁང་པ་	NOUN
འི་	གི་	PART
སྒོ་ཁ་	སྒོ་ཁ་	NO_POS
ར་	ལ་	PART
ཕོ་བྲང་	ཕོ་བྲང་	NOUN
བཅའ་	བཅའ་	VERB
ན་	ནས་	PART
གནོད་པ་	གནོད་པ་	VERB
འོ་	གོ་	PART
༔		PUNCT
དགྲ་	དགྲ་	NOUN
འི་	གི་	PART
སྒོ་ཁ་	སྒོ་ཁ་	NO_POS
ར་	ལ་	PART
ལྷ་འདྲེ་	ལྷ་འདྲེ་	NOUN
འི་	གི་	PART
ཕོ་བྲང་	ཕོ་བྲང་	NOUN
བཅའ་བ་	བཅའ་བ་	VERB
འི་	གི་	PART
མན་ངག་	མན་ངག་	NOUN
གོ་	གོ་	PART
༔		PUNCT
དོན་	དོན་	NOUN
བཅུ་གཅིག་པ་	བཅུ་གཅིག་པ་	NO_POS
དཔང་པོ་	དཔང་པོ་	NOUN
ར་	ལ་	PART
བཞག་པ་	བཞག་པ་	VERB
ལ་	ལ་	PART
གསུམ་	གསུམ་	NUM
༔		PUNCT
ཡེ་ཤེས་	ཡེ་ཤེས་	NOUN
ལྷ་	ལྷ་	NOUN
དཔང་པོ་	དཔང་པོ་	NOUN
ར་	ལ་	PART
བཞག་པ་	བཞག་པ་	VERB
དང་	དང་	NO_POS
༔		PUNCT
སྲུང་མ་	སྲུང་མ་	NOUN
དཔང་པོ་	དཔང་པོ་	NOUN
ར་	ལ་	PART
བཞག་པ་	བཞག་པ་	VERB
དང་	དང་	NO_POS
༔		PUNCT
ཡུལ་ལྷ་	ཡུལ་ལྷ་	NOUN
དཔང་པོ་	དཔང་པོ་	NOUN
ར་	ལ་	PART
བཞག་པ་	བཞག་པ་	VERB
འོ་	གོ་	PART
༔		PUNCT
དེ་ཡང་	དེ་ཡང་	ADV
སྔོན་	སྔོན་	ADV
ལ་	ལ་	PART
ཡེ་ཤེས་	ཡེ་ཤེས་	NOUN
ལྷ་	ལྷ་	NOUN
འི་	གི་	PART
ཐུགས་དམ་	ཐུགས་དམ་	NOUN
བསྐང་	བསྐང་	NO_POS
༔		PUNCT
ལྷ་	ལྷ་	NOUN
ཐམས་ཅད་	ཐམས་ཅད་	DET
གསལ་	གསལ་	VERB
ཞིང་	ཅིང་	PART
དཔང་པོ་	དཔང་པོ་	NOUN
ར་	ལ་	PART
གཟུག་	གཟུག་	NOUN
༔		PUNCT
ལྷ་	ལྷ་	NOUN
དང་	དང་	NO_POS
སྲུང་མ་	སྲུང་མ་	NOUN
དཔང་པོ་	དཔང་པོ་	NOUN
ར་	ལ་	PART
བཞག་པ་	བཞག་པ་	VERB
ལ་	ལ་	PART
རང་	རང་	PRON
མ་ཉེས་པ་	མ་ཉེས་པ་	NO_POS
འི་	གི་	PART
དཔང་	དཔང་	NO_POS
གཟུག་	གཟུག་	NOUN
༔		PUNCT
ཡུལ་ལྷ་	ཡུལ་ལྷ་	NOUN
དཔང་པོ་	དཔང་པོ་	NOUN
ར་	ལ་	PART
བཞག་པ་	བཞག་པ་	VERB
ནི་ལ་	ནི་ལ་	NO_POS
ས་	གིས་	PART
སྦྱོར་	སྦྱོར་	VERB
གྱིས་	གིས་	PART
མནན་པ་	མནན་པ་	VERB
བྱ་	བྱ་	VERB
ལ་	ལ་	PART
༔		PUNCT
གཅིག་	གཅིག་	NUM
ཡི་དྭགས་	ཡི་དྭགས་	NOUN
ཡོད་པ་	ཡོད་པ་	VERB
འི་	གི་	PART
ས་དྲག་པོ་	ས་དྲག་པོ་	NO_POS
ར་	ལ་	PART
མནན་	མནན་	VERB
༔		PUNCT
གཅིག་	གཅིག་	NUM
ཁོ་	ཁོ་	PRON
འི་	གི་	PART
ཁང་པ་	ཁང་པ་	NOUN
འི་	གི་	PART
རྨིང་		NON_WORD
དུ་	ལ་	PART
མནན་	མནན་	VERB
༔		PUNCT
གཅིག་	གཅིག་	NUM
ཡུལ་ལྷ་	ཡུལ་ལྷ་	NOUN
གནས་པ་	གནས་པ་	VERB
འི་	གི་	PART
ས་	ས་	ADP
ར་	ལ་	PART
མནན་	མནན་	VERB
ལ་	ལ་	PART
༔		PUNCT
ང་	ང་	OTHER
མ་ལན་	མ་ལན་	NO_POS
ནོ་	གོ་	PART
༔		PUNCT
ཁོ་	ཁོ་	PRON
ཡི་	གིས་	PART
ང་	ང་	PRON
ལ་ཉེ་	ལ་ཉེ་	NO_POS
ས་པ་	ས་པ་	PART
བྱས་པ་	བྱས་པ་	VERB
འི་	གི་	PART
རྣམ་	རྣམ་	NOUN
གྲངས་	གྲངས་	NOUN
འདི་	འདི་	DET
རྣམས་	རྣམས་	DET
ཡོད་	ཡོད་	VERB
དོ་	གོ་	PART
༔		PUNCT
བྱ་	བྱ་	VERB
ལ་	ལ་	PART
ཤག་	ཤག་	NO_POS
གདབ་	གདབ་	NO_POS
དམོད་	དམོད་	NO_POS
བཅོལ་	བཅོལ་	NO_POS
བྱ་	བྱ་	VERB
འོ་	གོ་	PART
༔		PUNCT
དེ་	སྟེ་	PART
ནི་	ནི་	NO_POS
མཐུ་	མཐུ་	NOUN
མྱུར་	མྱུར་	VERB
དུ་	ལ་	PART
ཡོང་བ་	ཡོང་བ་	VERB
འི་	གི་	PART
མན་ངག་	མན་ངག་	NOUN
གོ་	གོ་	PART
༔		PUNCT
དོན་	དོན་	NOUN
བཅུ་གཉིས་པ་	བཅུ་གཉིས་པ་	NO_POS
དགྲ་	དགྲ་	NOUN
ཟིན་	ཟིན་	VERB
གཡུལ་	གཡུལ་	NOUN
སྤྲད་པ་	སྤྲད་པ་	VERB
ནི་	ནི་	NO_POS
༔		PUNCT
སྔགས་	སྔགས་	NOUN
ཀྱི་	གི་	PART
བ་	བ་	NOUN
དུ་	ལ་	PART
དགྲ་བོ་	དགྲ་བོ་	NOUN
འི་	གི་	PART
མིང་	མིང་	NOUN
རུས་	རུས་	NOUN
བཅུག་	བཅུག་	VERB
ན་	ནས་	PART
བཟླས་པ་	བཟླས་པ་	VERB
ས་	གིས་	PART
༔		PUNCT
ཕམ་རྒྱལ་	ཕམ་རྒྱལ་	NO_POS
གཡུལ་	གཡུལ་	NOUN
ཤན་འབྱེད་པ་	ཤན་འབྱེད་པ་	OTHER
འམ་	གམ་	PART
༔		PUNCT
འཁྲུག་པ་	འཁྲུག་པ་	VERB
འཐབ་	འཐབ་	VERB
ཤན་འབྱེད་པ་	ཤན་འབྱེད་པ་	OTHER
དང་	དང་	NO_POS
འདྲ་བ་	འདྲ་བ་	VERB
ས་	གིས་	PART
མན་ངག་	མན་ངག་	NOUN
གོ་	གོ་	PART
༔		PUNCT
དོན་	དོན་	NOUN
བཅུ་གསུམ་པ་	བཅུ་གསུམ་པ་	NO_POS
དམག་	དམག་	NOUN
ཟ་	ཟ་	NOUN
སུ་	ལ་	PART
སྦྱིན་པ་	སྦྱིན་པ་	VERB
ནི་	ནི་	NO_POS
༔		PUNCT
དགྲ་	དགྲ་	NOUN
ལ་	ལ་	PART
རྟགས་	རྟགས་	NOUN
བྱུང་	བྱུང་	VERB
ན་	ནས་	PART
གཏང་རག་	གཏང་རག་	NOUN
དུས་	དུས་	NOUN
སུ་	ལ་	PART
མ་	མ་	PART
གཏང་	གཏང་	NO_POS
ན་	ལ་	PART
༔		PUNCT
ལྷ་འདྲེ་	ལྷ་འདྲེ་	NOUN
འི་	གི་	PART
ཆད་པ་	ཆད་པ་	VERB
བདག་	བདག་	PRON
ལ་	ལ་	PART
འོང་བ་	འོང་བ་	VERB
ས་	གིས་	PART
གཏང་རག་	གཏང་རག་	NOUN
མྱུར་	མྱུར་	VERB
དུ་དུ་	དུ་དུ་	NO_POS
ས་	གིས་	PART
སུ་	ལ་	PART
གཏང་	གཏང་	NO_POS
༔		PUNCT
ལ་	ལ་	ADP
ས་	གིས་	PART
གྲུབ་པ་	གྲུབ་པ་	VERB
འི་	གི་	PART
རྟགས་	རྟགས་	NOUN
བྱུང་	བྱུང་	VERB
ན་	ལ་	PART
ལིངྒ་		NON_WORD
ཆ་གསུམ་	ཆ་གསུམ་	NO_POS
དུ་	ལ་	PART
བཅད་	བཅད་	VERB
ན་	ནས་	PART
ཆ་	ཆ་	NOUN
གཅིག་	གཅིག་	NUM
གཏོར་མ་	གཏོར་མ་	NOUN
ར་	ལ་	PART
གཏང་	གཏང་	NO_POS
༔		PUNCT
ཆ་	ཆ་	NOUN
གཅིག་	གཅིག་	NUM
མནན་པ་	མནན་པ་	VERB
འམ་	གམ་	PART
སྦྱིན་སྲེག་	སྦྱིན་སྲེག་	NOUN
བྱ་	བྱ་	VERB
ལ་	ལ་	PART
ཐལ་བ་	ཐལ་བ་	NOUN
རླུང་	རླུང་	NOUN
ལ་	ལ་	PART
བསྐུར་	བསྐུར་	NO_POS
༔		PUNCT
ཆ་	ཆ་	NOUN
གཅིག་	གཅིག་	NUM
གསེར་སྐྱེམས་	གསེར་སྐྱེམས་	OTHER
དང་	དང་	NO_POS
སྦྲགས་	སྦྲགས་	NO_POS
ལ་	ལ་	PART
སྣང་སྲིད་	སྣང་སྲིད་	NOUN
ལྷ་སྲིན་	ལྷ་སྲིན་	NOUN
སྡེ་བརྒྱད་	སྡེ་བརྒྱད་	OTHER
ལ་	ལ་	PART
གཏང་	གཏང་	NO_POS
རགས་	རགས་	VERB
སུ་	ལ་	PART
གཏང་	གཏང་	NO_POS
༔		PUNCT
དེ་	སྟེ་	PART
ནི་	ནི་	NO_POS
མན་ངག་	མན་ངག་	NOUN
ཡང་དག་པ་	ཡང་དག་པ་	ADJ
འོ་	གོ་	PART
༔		PUNCT
དོན་	དོན་	NOUN
བཅུ་བཞི་པ་	བཅུ་བཞི་པ་	NO_POS
༔		PUNCT
སྒྲིབ་ཤིང་	སྒྲིབ་ཤིང་	NO_POS
འཛུགས་པ་	འཛུགས་པ་	VERB
ནི་	ནི་	NO_POS
ནང་རྒྱ་	ནང་རྒྱ་	NO_POS
ས་	གིས་	PART
དྲག་པོ་	དྲག་པོ་	ADJ
བྱུང་བ་	བྱུང་བ་	VERB
འམ་	གམ་	PART
༔		PUNCT
ཕ་	ཕ་	NOUN
ཀྱི་	གི་	PART
རྦོད་གཏོང་	རྦོད་གཏོང་	NO_POS
དྲག་པོ་	དྲག་པོ་	ADJ
ཡོང་	ཡོང་	NO_POS
སྙམ་པ་	སྙམ་པ་	VERB
འམ་	གམ་	PART
༔		PUNCT
རང་	རང་	PRON
གི་	གི་	PART
སྲུང་མ་	སྲུང་མ་	NOUN
ལོག་	ལོག་	VERB
གིས་	གིས་	PART
དོགས་པ་	དོགས་པ་	VERB
འམ་	གམ་	PART
༔		PUNCT
དེ་ལྟ་	དེ་ལྟ་	NO_POS
བུ་	བུ་	NOUN
ལ་	ལ་	PART
ཟོན་	ཟོན་	VERB
བྱེད་	བྱེད་	VERB
ན་	ལ་	PART
རང་	རང་	PRON
ལྟ་	ལྟ་	NOUN
སྒོམ་	སྒོམ་	VERB
ལ་	ལ་	PART
གནས་པ་	གནས་པ་	VERB
ར་	ལ་	PART
བྱ་	བྱ་	VERB
ལ་	ལ་	PART
༔		PUNCT
བཅའ་	བཅའ་	VERB
ལུགས་	ལུགས་	NOUN
ནི་	ནི་	NO_POS
ཤིང་ལེབ་	ཤིང་ལེབ་	NOUN
གཅིག་	གཅིག་	NUM
ལ་	ལ་	PART
༔		PUNCT
རང་	རང་	PRON
གི་	གི་	PART
མིང་	མིང་	NOUN
རུས་	རུས་	NOUN
བླ་དྭགས་	བླ་དྭགས་	NO_POS
དང་	དང་	NO_POS
བཅས་པ་	བཅས་པ་	VERB
བྲིས་	བྲིས་	VERB
ལ་	ལ་	PART
མཆོད་རྟེན་	མཆོད་རྟེན་	NOUN
གཅིག་	གཅིག་	NUM
སྒོ་དྲུང་	སྒོ་དྲུང་	NO_POS
དུ་	ལ་	PART
བརྩིགས་	བརྩིགས་	NO_POS
ལ་	ལ་	PART
དེ་	སྟེ་	PART
ལ་	ལ་	PART
རབ་གནས་	རབ་གནས་	NOUN
བྱ་	བྱ་	VERB
ཏེ་	སྟེ་	PART
བུམ་པ་	བུམ་པ་	NOUN
ར་	ལ་	PART
ཤིང་ལེབ་	ཤིང་ལེབ་	NOUN
གཞུག་	གཞུག་	VERB
༔		PUNCT
དུས་	དུས་	NOUN
དུས་	དུས་	NOUN
སུ་	ལ་	PART
མཆོད་པ་	མཆོད་པ་	VERB
བྱ་	བྱ་	VERB
༔		PUNCT
གཏོར་མ་	གཏོར་མ་	NOUN
གཏང་	གཏང་	NO_POS
༔		PUNCT
བསྐོར་བ་	བསྐོར་བ་	VERB
བྱ་	བྱ་	VERB
འོ་	གོ་	PART
༔		PUNCT
ཤིང་ལེབ་	ཤིང་ལེབ་	NOUN
གཅིག་	གཅིག་	NUM
ལ་	ལ་	PART
ཁོ་	ཁོ་	PRON
ཡི་	གི་	PART
མིང་	མིང་	NOUN
རུས་	རུས་	NOUN
བླ་དྭགས་	བླ་དྭགས་	NO_POS
དང་	དང་	NO_POS
བཅས་པ་	བཅས་པ་	VERB
བྲིས་	བྲིས་	VERB
ལ་	ལ་	PART
ཁོ་	ཁོ་	VERB
རྦད་པ་	རྦད་པ་	NO_POS
འི་	གི་	PART
ཕྱོགས་	ཕྱོགས་	NOUN
སུ་	ལ་	PART
སྦ་	སྦ་	PROPN
འོ་	གོ་	PART
༔		PUNCT
སྤུ་གྲི་	སྤུ་གྲི་	NOUN
ལ་ཁ་	ལ་ཁ་	NOUN
འཐབ་	འཐབ་	VERB
གཞན་	གཞན་	DET
ན་	ནས་	PART
འབྱུང་བ་	འབྱུང་བ་	VERB
བཞིན་	བཞིན་	NOUN
ཡང་	ཀྱང་	PART
བྱ་	བྱ་	VERB
འོ་	གོ་	PART
༔		PUNCT
དེ་	སྟེ་	PART
ནི་	ནི་	NO_POS
སྒྲིབ་ཤིང་	སྒྲིབ་ཤིང་	NO_POS
འཛུགས་པ་	འཛུགས་པ་	VERB
ཞེ་	ཅེས་	PART
བྱ་	བྱ་	VERB
སྟེ་	སྟེ་	PART
རང་	རང་	PRON
ལ་	ལ་	PART
ལྷ་འདྲེ་	ལྷ་འདྲེ་	NOUN
ས་	གིས་	PART
མི་	མི་	PART
ཚུགས་པ་	ཚུགས་པ་	VERB
འི་	གི་	PART
མན་ངག་	མན་ངག་	NOUN
གོ་	གོ་	PART
༔		PUNCT
དོན་	དོན་	NOUN
བཅུ་བཞི་པོ་	བཅུ་བཞི་པོ་	NO_POS
འདི་	འདི་	DET
རྒྱལ་པོ་	རྒྱལ་པོ་	NOUN
ས་	གིས་	PART
གཞན་	གཞན་	DET
ལ་	ལ་	PART
བསྟན་པ་	བསྟན་པ་	VERB
ར་	ལ་	PART
མི་	མི་	PART
བྱ་	བྱ་	VERB
འོ་	གོ་	PART
༔		PUNCT
ཞེ་	ཅེས་	PART
སློབ་དཔོན་	སློབ་དཔོན་	NOUN
པདྨ་	པདྨ་	NOUN
ས་	གིས་	PART
རྒྱལ་པོ་	རྒྱལ་པོ་	NOUN
ལ་	ལ་	PART
གདམས་པ་	གདམས་པ་	VERB
འོ་	གོ་	PART
༔		PUNCT
རྒྱལ་པོ་	རྒྱལ་པོ་	NOUN
ཆེན་པོ་	ཆེན་པོ་	ADJ
སེམས་	སེམས་	NOUN
ལ་	ལ་	PART
གནས་པ་	གནས་པ་	VERB
ར་	ལ་	PART
གྱིས་	གིས་	PART
ཤིག་	ཅིག་	PART
༔		PUNCT
མངའ་བདག་	མངའ་བདག་	NOUN
དགྱེས་	དགྱེས་	NO_POS
ན་	ནས་	PART
ཡི་གེ་	ཡི་གེ་	NOUN
ར་	ལ་	PART
བཀོད་པ་	བཀོད་པ་	VERB
འོ་	གོ་	PART
༔		PUNCT
ཡང་	ཀྱང་	PART
རྒྱལ་པོ་	རྒྱལ་པོ་	NOUN
ས་	གིས་	PART
སློབ་དཔོན་	སློབ་དཔོན་	NOUN
ལ་	ལ་	PART
ཞུས་པ་	ཞུས་པ་	VERB
༔		PUNCT
ཀྱཻ་		NON_WORD
སློབ་དཔོན་	སློབ་དཔོན་	NOUN
ཆེན་པོ་	ཆེན་པོ་	ADJ
ལགས་	ལགས་	AUX
༔		PUNCT
བསྙེན་པ་	བསྙེན་པ་	VERB
ཐེམས་	ཐེམས་	NO_POS
ཀྱང་	ཀྱང་	PART
ལྷ་	ལྷ་	NOUN
རྟགས་	རྟགས་	NOUN
མེད་	མེད་	VERB
ན་	ལ་	PART
སྐྱོན་	སྐྱོན་	NOUN
ཅི་	ཅི་	NO_POS
ལགས་	ལགས་	AUX
༔		PUNCT
ལྷ་	ལྷ་	NOUN
བསྒྲུབས་	བསྒྲུབས་	VERB
ཀྱང་	ཀྱང་	PART
ལས་མ་	ལས་མ་	NO_POS
གྲུབ་	གྲུབ་	VERB
ན་	ལ་	PART
སྐྱོན་	སྐྱོན་	NOUN
ཅི་	ཅི་	NO_POS
ལགས་	ལགས་	AUX
༔		PUNCT
ལྷ་	ལྷ་	NOUN
རྟགས་	རྟགས་	NOUN
བཟང་	བཟང་	VERB
ཡང་	ཀྱང་	PART
དགྲ་	དགྲ་	NOUN
རྟགས་	རྟགས་	NOUN
མེད་	མེད་	VERB
ན་	ལ་	PART
སྐྱོན་	སྐྱོན་	NOUN
ཅི་	ཅི་	NO_POS
ལགས་	ལགས་	AUX
༔		PUNCT
དགྲ་	དགྲ་	NOUN
རྟགས་	རྟགས་	NOUN
བཟང་	བཟང་	VERB
ཡང་	ཀྱང་	PART
དགྲ་	དགྲ་	NOUN
མ་	མ་	PART
སོད་	སོད་	VERB
ན་	ལ་	PART
སྐྱོན་	སྐྱོན་	NOUN
ཅི་	ཅི་	NO_POS
ལགས་	ལགས་	AUX
༔		PUNCT
རྟགས་	རྟགས་	NOUN
དང་	དང་	NO_POS
མཚན་མ་	མཚན་མ་	NOUN
བཟང་པོ་	བཟང་པོ་	ADJ
ཡོང་	ཡོང་	NO_POS
འཕྲོ་	འཕྲོ་	NOUN
ལ་	ལ་	PART
ཆད་	ཆད་	VERB
ན་	ལ་	PART
སྐྱོན་	སྐྱོན་	NOUN
ཅི་	ཅི་	NO_POS
ལགས་	ལགས་	AUX
༔		PUNCT
སྲུང་མ་	སྲུང་མ་	NOUN
གནས་	གནས་	NOUN
སུ་	ལ་	PART
ཆགས་	ཆགས་	VERB
ན་	ནས་	PART
དགྲ་	དགྲ་	NOUN
སར་འགྲོ་	སར་འགྲོ་	NO_POS
མ་	མ་	PART
འདོད་	འདོད་	VERB
ན་	ལ་	PART
སྐྱོན་	སྐྱོན་	NOUN
ཅི་	ཅི་	NO_POS
ལགས་	ལགས་	AUX
༔		PUNCT
དགྲ་	དགྲ་	NOUN
ཕྱི་མ་	ཕྱི་མ་	ADJ
ལ་	ལ་	PART
རྦད་	རྦད་	OTHER
ན་	ལ་	PART
སྔ་མ་	སྔ་མ་	ADJ
འི་	གི་	PART
ས་	ས་	ADP
ན་	ནས་	PART
ཁ་	ཁ་	PRON
མ་	མ་	PART
ཕྲལ་	ཕྲལ་	NO_POS
ན་	ལ་	PART
སྐྱོན་	སྐྱོན་	NOUN
ཅི་	ཅི་	NO_POS
ལགས་	ལགས་	AUX
༔		PUNCT
མཐུ་	མཐུ་	NOUN
ཆེ་	ཆེ་	VERB
ཡང་	ཀྱང་	PART
རྣལ་འབྱོར་པ་	རྣལ་འབྱོར་པ་	NOUN
ལྟོག་		NON_WORD
ཏུ་	ལ་	PART
སོང་	སོང་	VERB
ན་	ལ་	PART
ཇི་ལྟ་		
བྱ་	བྱ་	VERB
༔		PUNCT
ཡང་	ཀྱང་	PART
སྲུང་མ་	སྲུང་མ་	NOUN
རྩེ་	རྩེ་	NOUN
ལྡོག་	ལྡོག་	VERB
བྱེད་	བྱེད་	VERB
ན་	ལ་	PART
དེ་	སྟེ་	PART
ཁད་	ཁད་	NOUN
ཀྱིས་	གིས་	PART
ཞི་བ་	ཞི་བ་	VERB
ར་	ལ་	PART
འདོད་	འདོད་	VERB
ན་	ལ་	PART
ཇི་ལྟ་		
བྱ་	བྱ་	VERB
༔		PUNCT
ཞེ་	ཅེས་	PART
ཞུས་པ་	ཞུས་པ་	VERB
ས་	གིས་	PART
༔		PUNCT
སློབ་དཔོན་	སློབ་དཔོན་	NOUN
ཆེན་པོ་	ཆེན་པོ་	ADJ
ས་	གིས་	PART
བཀའ་	བཀའ་	NOUN
བསྩལ་པ་	བསྩལ་པ་	NO_POS
༔		PUNCT
རྒྱལ་པོ་	རྒྱལ་པོ་	NOUN
ཆེན་པོ་	ཆེན་པོ་	ADJ
སྙན་	སྙན་	NOUN
གསོན་	གསོན་	VERB
དང་	དང་	NO_POS
༔		PUNCT
བསྙེན་པ་	བསྙེན་པ་	VERB
ཐེམས་	ཐེམས་	NO_POS
ཀྱང་	ཀྱང་	PART
ལྷ་	ལྷ་	NOUN
རྟགས་	རྟགས་	NOUN
མེད་	མེད་	VERB
ན་	ལ་	PART
བླ་མ་	བླ་མ་	NOUN
དང་	དང་	NO_POS
དམ་ཚིག་	དམ་ཚིག་	NOUN
ཉམས་པ་	ཉམས་པ་	VERB
ཡོད་པ་	ཡོད་པ་	VERB
ཡིན་པ་	ཡིན་པ་	AUX
ས་	གིས་	PART
བཤགས་པ་	བཤགས་པ་	VERB
བྱ་	བྱ་	VERB
འོ་	གོ་	PART
༔		PUNCT
དམ་ཚིག་	དམ་ཚིག་	NOUN
བསྐང་	བསྐང་	NO_POS
བླ་མ་	བླ་མ་	NOUN
མཉེས་པ་	མཉེས་པ་	VERB
ར་	ལ་	PART
བྱ་	བྱ་	VERB
འོ་	གོ་	PART
༔		PUNCT
ལྷ་	ལྷ་	NOUN
བསྒྲུབས་	བསྒྲུབས་	VERB
ཀྱང་	ཀྱང་	PART
ལས་མ་	ལས་མ་	NO_POS
འགྲུབ་	འགྲུབ་	VERB
ན་	ལ་	PART
ལ་	ལ་	ADP
ས་	གིས་	PART
ཀྱི་	གི་	PART
མཐའ་	མཐའ་	NOUN
བསྒྱུར་	བསྒྱུར་	VERB
ཞན་པ་	ཞན་པ་	ADJ
ཡིན་པ་	ཡིན་པ་	AUX
ས་	གིས་	PART
མནན་	མནན་	VERB
སྲེག་	སྲེག་	NO_POS
འཕང་	འཕང་	VERB
གསུམ་	གསུམ་	NUM
གྱིས་	གིས་	PART
ལ་	ལ་	ADP
ས་	གིས་	PART
ལ་	ལ་	PART
ནན་ཏན་	ནན་ཏན་	NOUN
ཆེ་	ཆེ་	VERB
ར་	ལ་	PART
བྱ་	བྱ་	VERB
འོ་	གོ་	PART
༔		PUNCT
ལྷ་	ལྷ་	NOUN
རྟགས་	རྟགས་	NOUN
བཟང་	བཟང་	VERB
ཡང་	ཀྱང་	PART
དགྲ་	དགྲ་	NOUN
རྟགས་	རྟགས་	NOUN
མེད་	མེད་	VERB
ན་	ལ་	PART
ཟློག་པ་	ཟློག་པ་	VERB
མཁན་	མཁན་	PROPN
ཡོད་པ་	ཡོད་པ་	VERB
ཡིན་པ་	ཡིན་པ་	AUX
ས་	གིས་	PART
སེངྒེ་		NON_WORD
ཁ་	ཁ་	PRON
འཐབ་	འཐབ་	VERB
དང་	དང་	NO_POS
དགྲ་བོ་	དགྲ་བོ་	NOUN
འི་	གི་	PART
ངག་	ངག་	NOUN
མནན་པ་	མནན་པ་	VERB
འི་	གི་	PART
ལ་	ལ་	ADP
ས་	གིས་	PART
བྱ་	བྱ་	VERB
འོ་	གོ་	PART
༔		PUNCT
དགྲ་	དགྲ་	NOUN
རྟགས་	རྟགས་	NOUN
བྱུང་	བྱུང་	VERB
ན་	ལ་	PART
ཡང་	ཀྱང་	PART
དགྲ་	དགྲ་	NOUN
མ་	མ་	PART
སོད་	སོད་	VERB
ན་	ལ་	PART
༔		PUNCT
ཁོ་	ཁོ་	PRON
འི་	གི་	PART
ལྷ་སྲུང་	ལྷ་སྲུང་	OTHER
གིས་	གིས་	PART
སྐྱོབ་པ་	སྐྱོབ་པ་	VERB
ཡིན་པ་	ཡིན་པ་	AUX
ས་	གིས་	PART
ལྷ་	ལྷ་	NOUN
དང་	དང་	NO_POS
དབྱེ་བ་	དབྱེ་བ་	VERB
བྱ་	བྱ་	VERB
ལ་	ལ་	PART
དེ་ནས་	དེ་ནས་	NO_POS
རྦད་	རྦད་	OTHER
གསད་	གསད་	NO_POS
ཀྱི་	གི་	PART
ལ་	ལ་	ADP
ས་	གིས་	PART
བྱ་	བྱ་	VERB
འོ་	གོ་	PART
༔		PUNCT
དགྲ་	དགྲ་	NOUN
རྟགས་	རྟགས་	NOUN
ཡོང་	ཡོང་	NO_POS
འཕྲོ་	འཕྲོ་	NOUN
ར་	ལ་	PART
ཆད་	ཆད་	VERB
ན་	ལ་	PART
༔		PUNCT
མཁོན་		NON_WORD
དང་	དང་	NO_POS
མི་གཙང་བ་	མི་གཙང་བ་	NO_POS
ས་	གིས་	PART
ལན་པ་	ལན་པ་	VERB
ཡིན་པ་	ཡིན་པ་	AUX
ས་	གིས་	PART
ཆོ་	ཆོ་	NOUN
འདོན་	འདོན་	VERB
ཁྲུ་	ཁྲུ་	NOUN
བྱ་	བྱ་	VERB
གྲིབ་སེལ་	གྲིབ་སེལ་	NO_POS
བསྒོམ་	བསྒོམ་	VERB
༔		PUNCT
སྲུང་མ་	སྲུང་མ་	NOUN
དམ་རྫས་	དམ་རྫས་	NOUN
ལ་	ལ་	PART
ཆགས་	ཆགས་	VERB
ན་	ནས་	PART
དགྲ་	དགྲ་	NOUN
སར་འགྲོ་	སར་འགྲོ་	NO_POS
མ་	མ་	PART
འདོད་	འདོད་	VERB
ན་	ལ་	PART
དགྲ་	དགྲ་	NOUN
ལ་	ལ་	PART
ཟ་	ཟ་	VERB
ལམ་བསྟན་	ལམ་བསྟན་	NO_POS
༔		PUNCT
འོ་དོད་	འོ་དོད་	INTJ
འབོད་	འབོད་	VERB
༔		PUNCT
ཟོ་		
འཕང་	འཕང་	VERB
ངོ་	གོ་	PART
༔		PUNCT
དགྲ་	དགྲ་	NOUN
ཕྱི་མ་	ཕྱི་མ་	ADJ
ལ་	ལ་	PART
རྦད་	རྦད་	OTHER
ན་	ལ་	PART
སྔ་མ་	སྔ་མ་	ADJ
ལ་	ལ་	PART
ཟ་	ཟ་	VERB
ཁ་	ཁ་	PRON
ཟུག་	ཟུག་	VERB
ན་	ནས་	PART
འགྲོ་	འགྲོ་	VERB
ར་	ལ་	PART
མ་	མ་	PART
འདོད་	འདོད་	VERB
ན་	ལ་	PART
དགྲ་བོ་	དགྲ་བོ་	NOUN
སྔ་མ་	སྔ་མ་	ADJ
ཤི་བ་	ཤི་བ་	VERB
འི་	གི་	PART
ཐོད་པ་	ཐོད་པ་	NOUN
བླངས་	བླངས་	VERB
ལ་	ལ་	PART
དེ་	དེ་	DET
འི་	གི་	PART
ནང་	ནང་	NOUN
དུ་	ལ་	PART
དགྲ་	དགྲ་	NOUN
ཕྱི་མ་	ཕྱི་མ་	ADJ
འི་	གི་	PART
མིང་	མིང་	NOUN
རུས་	རུས་	NOUN
བཅུག་	བཅུག་	VERB
ལ་	ལ་	PART
དགྲ་	དགྲ་	NOUN
ཕྱི་མ་	ཕྱི་མ་	ADJ
འི་	གི་	PART
ཁང་པ་	ཁང་པ་	NOUN
འི་	གི་	PART
རྩ་	རྩ་	NUM
ར་	ལ་	PART
མནན་	མནན་	VERB
ནོ་	གོ་	PART
༔		PUNCT
མཐུ་	མཐུ་	NOUN
ཆེ་	ཆེ་	VERB
ཡང་	ཀྱང་	PART
རྣལ་འབྱོར་པ་	རྣལ་འབྱོར་པ་	NOUN
ལྟོག་		NON_WORD
ཏུ་	ལ་	PART
སོང་	སོང་	VERB
ན་	ལ་	PART
༔		PUNCT
ཚོགས་	ཚོགས་	NOUN
དང་	དང་	NO_POS
གཏོར་མ་	གཏོར་མ་	NOUN
ཞན་པ་	ཞན་པ་	ADJ
ཡིན་པ་	ཡིན་པ་	AUX
ས་	གིས་	PART
དུས་བཟང་པོ་	དུས་བཟང་པོ་	NOUN
ལ་	ལ་	PART
ཚོགས་	ཚོགས་	NOUN
དང་	དང་	NO_POS
གཏོར་མ་	གཏོར་མ་	NOUN
ཡང་ཡང་	ཡང་ཡང་	NO_POS
བྱ་	བྱ་	VERB
འོ་	གོ་	PART
༔		PUNCT
སྲུང་མ་	སྲུང་མ་	NOUN
འགྲུབ་	འགྲུབ་	VERB
ཀྱང་	ཀྱང་	PART
འཁུ་ལྡོག་	འཁུ་ལྡོག་	NO_POS
བྱེད་	བྱེད་	VERB
ན་	ལ་	PART
༔		PUNCT
དེ་	སྟེ་	PART
ཁད་	ཁད་	NOUN
ཀྱིས་	གིས་	PART
སྤང་བ་	སྤང་བ་	VERB
ར་	ལ་	PART
འདོད་	འདོད་	VERB
ན་	ལ་	PART
༔		PUNCT
གང་ཡིན་པ་	གང་ཡིན་པ་	NO_POS
དེ་	དེ་	DET
འི་	གི་	PART
སྐུ་གཟུགས་	སྐུ་གཟུགས་	NOUN
དང་	དང་	NO_POS
སྲོག་	སྲོག་	NOUN
སྙིང་	སྙིང་	NOUN
དམ་རྫས་	དམ་རྫས་	NOUN
དང་	དང་	NO_POS
སྒྲུབ་	སྒྲུབ་	VERB
རྫས་ཐུན་	རྫས་ཐུན་	NO_POS
རྫ་	རྫ་	NOUN
རྣམས་	རྣམས་	DET
ཐོད་པ་	ཐོད་པ་	NOUN
ར་	ལ་	PART
བཅུག་	བཅུག་	VERB
ལ་	ལ་	PART
རང་	རང་	PRON
གི་	གི་	PART
ཕྱི་	ཕྱི་	OTHER
སྒོ་		
གཏོར་སྟེགས་	གཏོར་སྟེགས་	NO_POS
ནང་	ནང་	NOUN
ཅན་	ཅན་	PART
མཐོ་བ་	མཐོ་བ་	VERB
ཞིག་	ཅིག་	PART
བརྩིགས་	བརྩིགས་	NO_POS
ལ་	ལ་	PART
སྐུ་	སྐུ་	NOUN
བསྐྱེད་	བསྐྱེད་	VERB
ལ་	ལ་	PART
དེ་	དེ་	DET
འི་	གི་	PART
ནང་	ནང་	NOUN
དུ་	ལ་	PART
གཞུག་	གཞུག་	VERB
༔		PUNCT
ཐོད་པ་	ཐོད་པ་	NOUN
དེ་	སྟེ་	PART
མི་	མི་	PART
ས་	གིས་	PART
མི་	མི་	PART
མཐོང་བ་	མཐོང་བ་	VERB
ར་	ལ་	PART
བྱ་	བྱ་	VERB
འོ་	གོ་	PART
༔		PUNCT
དེ་	དེ་	DET
འི་	གི་	PART
སྟེང་	སྟེང་	NOUN
དུ་	ལ་	PART
ཡེ་ཤེས་	ཡེ་ཤེས་	NOUN
ལྷ་	ལྷ་	NOUN
ཡི་	གི་	PART
གཏོར་མ་	གཏོར་མ་	NOUN
ཡང་ཡང་	ཡང་ཡང་	NO_POS
བཏང་	བཏང་	VERB
ན་	ལ་	PART
༔		PUNCT
དེ་	སྟེ་	PART
ཕན་ཆད་	ཕན་ཆད་	ADV
སྲུང་མ་	སྲུང་མ་	NOUN
དེ་	སྟེ་	PART
འཁུ་ལྡོག་	འཁུ་ལྡོག་	NO_POS
ཇེ་	ཇེ་	OTHER
ཆུང་	ཆུང་	VERB
ཇེ་	ཇེ་	OTHER
ཆུང་	ཆུང་	VERB
འགྲོ་	འགྲོ་	VERB
༔		PUNCT
ཁད་	ཁད་	NOUN
ན་	ནས་	PART
བཞག་	བཞག་	VERB
ན་	ལ་	PART
གནོད་པ་	གནོད་པ་	VERB
མི་	མི་	PART
ཡོང་	ཡོང་	NO_POS
ངོ་	གོ་	PART
༔		PUNCT
སྤྱི་		
རྟགས་	རྟགས་	NOUN
ཀྱི་	གི་	PART
རྟགས་	རྟགས་	NOUN
ཅི་	ཅི་	NO_POS
ཡོང་	ཡོང་	NO_POS
ཡང་	ཀྱང་	PART
རྣལ་འབྱོར་པ་	རྣལ་འབྱོར་པ་	NOUN
ཉམས་	ཉམས་	NOUN
དགའ་	དགའ་	VERB
ཞིང་	ཅིང་	PART
ཏིང་ངེ་འཛིན་	ཏིང་ངེ་འཛིན་	NOUN
གསལ་	གསལ་	VERB
ན་	ལ་	PART
༔		PUNCT
རྟགས་	རྟགས་	NOUN
རྩུབ་པ་	རྩུབ་པ་	VERB
ལྟ་	ལྟ་	OTHER
འདུག་	འདུག་	VERB
ཀྱང་	ཀྱང་	PART
ལྷ་	ལྷ་	NOUN
རྟགས་	རྟགས་	NOUN
ཡིན་	ཡིན་	NO_POS
༔		PUNCT
སྙིང་	སྙིང་	NOUN
མི་	མི་	PART
དགའ་	དགའ་	VERB
ཞིང་	ཅིང་	PART
གཉིད་	གཉིད་	NOUN
བྲོ་	བྲོ་	VERB
ཁྲོ་	ཁྲོ་	VERB
སྙིང་	སྙིང་	NOUN
འདོད་	འདོད་	VERB
ཏིང་ངེ་འཛིན་	ཏིང་ངེ་འཛིན་	NOUN
མི་	མི་	PART
གསལ་	གསལ་	VERB
ན་	ལ་	PART
རྟགས་	རྟགས་	NOUN
བཟང་	བཟང་	VERB
ལ་འཇམ་	ལ་འཇམ་	NO_POS
ཡང་བ་	ཡང་བ་	VERB
ར་	ལ་	PART
གཅོད་	གཅོད་	NO_POS
ཡོང་བ་	ཡོང་བ་	VERB
འི་	གི་	PART
རྟགས་	རྟགས་	NOUN
ཡིན་	ཡིན་	NO_POS
ནོ་	གོ་	PART
༔		PUNCT
སྒྲུབ་པ་	སྒྲུབ་པ་	VERB
བྱེད་པ་	བྱེད་པ་	VERB
འི་	གི་	PART
དུས་	དུས་	NOUN
སུ་	ལ་	PART
༔		PUNCT
རྣལ་འབྱོར་པ་	རྣལ་འབྱོར་པ་	NOUN
འཚིག་པ་	འཚིག་པ་	NO_POS
ཟ་	ཟ་	VERB
ཞིང་	ཅིང་	PART
ཁྲོ་	ཁྲོ་	VERB
སྙིང་	སྙིང་	NOUN
འདོད་	འདོད་	VERB
ན་	ལ་	PART
དམ་རྫས་	དམ་རྫས་	NOUN
མ་ཚང་བ་	མ་ཚང་བ་	NO_POS
འམ་	གམ་	PART
༔		PUNCT
གཏོ་	གཏོ་	VERB
ཚོགས་	ཚོགས་	NOUN
ཞན་པ་	ཞན་པ་	ADJ
ས་	གིས་	PART
དམ་རྫས་	དམ་རྫས་	NOUN
བསགས་	བསགས་	VERB
ཚོགས་	ཚོགས་	NOUN
དང་	དང་	NO_POS
གཏོར་མ་	གཏོར་མ་	NOUN
བཏང་	བཏང་	VERB
ངོ་	གོ་	PART
༔		PUNCT
གཏོར་མ་	གཏོར་མ་	NOUN
དམ་བཅ་	དམ་བཅའ་	NOUN
ས་པ་	ས་པ་	PART
ཆག་	ཆག་	VERB
ན་	ལ་	PART
༔		PUNCT
ལྟོ་	ལྟོ་	NOUN
བཀྲེས་	བཀྲེས་	VERB
འགྲོ་	འགྲོ་	VERB
དགོས་	དགོས་	VERB
ཟེ་	ཟེ་	VERB
ཡོང་	ཡོང་	NO_POS
༔		PUNCT
བླ་མ་	བླ་མ་	NOUN
དང་	དང་	NO_POS
དམ་ཚིག་	དམ་ཚིག་	NOUN
ཉམས་	ཉམས་	NOUN
ན་	ལ་	PART
ཡུན་	ཡུན་	NOUN
དུ་	ལ་	PART
བཀྲ་	བཀྲ་	NO_POS
མི་	མི་	PART
ཤིས་པ་	ཤིས་པ་	VERB
ཡོང་	ཡོང་	NO_POS
༔		PUNCT
རང་ཉམས་	རང་ཉམས་	NO_POS
སུ་	ལ་	PART
ལེན་པ་	ལེན་པ་	VERB
འི་	གི་	PART
སྲུང་མ་	སྲུང་མ་	NOUN
དང་	དང་	NO_POS
ཡི་དམ་	ཡི་དམ་	NOUN
མི་	མི་	PART
དམ་	གམ་	PART
མེད་	མེད་	VERB
ལ་	ལ་	PART
བྱིན་	བྱིན་	VERB
ན་	ལ་	PART
རང་	རང་	PRON
མཐུ་	མཐུ་	NOUN
ཆུང་	ཆུང་	VERB
དུ་	ལ་	PART
འགྲོ་	འགྲོ་	VERB
འོ་	གོ་	PART
༔		PUNCT
གདམས་ངག་	གདམས་ངག་	NOUN
གསང་	གསང་	VERB
སྐོར་	སྐོར་	NOUN
མི་	མི་	PART
དམ་	གམ་	PART
མེད་	མེད་	VERB
ལ་	ལ་	PART
བྱིན་	བྱིན་	VERB
ན་	ལ་	PART
༔		PUNCT
རང་	རང་	PRON
ལ་	ལ་	PART
ལྷ་	ལྷ་	NOUN
འི་	གི་	PART
ཆད་པ་	ཆད་པ་	VERB
ཡོང་	ཡོང་	NO_POS
ངོ་	གོ་	PART
༔		PUNCT
དམ་རྫས་	དམ་རྫས་	NOUN
སྒྲུབ་	སྒྲུབ་	VERB
རྫ་	རྫ་	NOUN
མི་	མི་	PART
དམ་	གམ་	PART
མེད་	མེད་	VERB
ལ་	ལ་	PART
བྱིན་	བྱིན་	VERB
ན་	ལ་	PART
ཟས་ནོར་	ཟས་ནོར་	NOUN
བཅུད་	བཅུད་	NOUN
ཆུང་	ཆུང་	VERB
དུ་	ལ་	PART
འགྲོ་	འགྲོ་	VERB
འོ་	གོ་	PART
༔		PUNCT
གཞན་	གཞན་	DET
གྱི་	གི་	PART
ངོ་སྲུང་	ངོ་སྲུང་	NOUN
ལ་	ལ་	PART
ཟློག་པ་	ཟློག་པ་	VERB
དང་	དང་	NO_POS
ཕྲིན་ལས་	ཕྲིན་ལས་	NOUN
བྱེད་	བྱེད་	VERB
ན་	ལ་	PART
རྣལ་འབྱོར་པ་	རྣལ་འབྱོར་པ་	NOUN
ཚེ་	ཚེ་	NOUN
ཐུང་	ཐུང་	VERB
དུ་	ལ་	PART
འགྲོ་	འགྲོ་	VERB
༔		PUNCT
གསང་སྔགས་	གསང་སྔགས་	NOUN
ཟབ་མོ་	ཟབ་མོ་	ADJ
ནོར་	ནོར་	NOUN
དུ་	ལ་	PART
བཙོང་	བཙོང་	VERB
ན་	ལ་	PART
འཕྲལ་	འཕྲལ་	ADV
ཕན་པ་	ཕན་པ་	VERB
སྙམ་	སྙམ་	VERB
བྱེད་	བྱེད་	VERB
ཀྱང་	ཀྱང་	PART
ཐ་མ་	ཐ་མ་	ADJ
ལྟོག་		NON_WORD
ཏུ་	ལ་	PART
འགྲོ་	འགྲོ་	VERB
འོ་	གོ་	PART
༔		PUNCT
ཞེ་	ཅེས་	PART
གསུངས་	གསུངས་	VERB
སོ་	གོ་	PART
༔		PUNCT
ཡང་	ཀྱང་	PART
མངའ་བདག་	མངའ་བདག་	NOUN
གིས་	གིས་	PART
ཞུས་པ་	ཞུས་པ་	VERB
༔		PUNCT
ཀྱཻ་		NON_WORD
སློབ་དཔོན་	སློབ་དཔོན་	NOUN
ཆེན་པོ་	ཆེན་པོ་	ADJ
ལགས་	ལགས་	AUX
༔		PUNCT
བསྙེན་སྒྲུབ་	བསྙེན་སྒྲུབ་	NOUN
ཀྱི་	གི་	PART
དུས་	དུས་	NOUN
དྲེགས་པ་	དྲེགས་པ་	VERB
ཅན་	ཅན་	PART
བསྒྲུབས་	བསྒྲུབས་	VERB
ཀྱང་	ཀྱང་	PART
༔		PUNCT
རྣལ་འབྱོར་པ་	རྣལ་འབྱོར་པ་	NOUN
ཉམས་	ཉམས་	NOUN
དང་	དང་	NO_POS
དྲོད་	དྲོད་	NOUN
ཆེ་ཆུང་	ཆེ་ཆུང་	ADJ
གིས་	གིས་	PART
འགྲུབ་	འགྲུབ་	VERB
མ་	མ་	PART
འགྲུབ་	འགྲུབ་	VERB
ཀྱི་	གི་	PART
རྟགས་	རྟགས་	NOUN
སམ་	གམ་	PART
ཉམས་	ཉམས་	NOUN
རྨི་ལམ་	རྨི་ལམ་	NOUN
དང་	དང་	NO_POS
ཕལ་	ཕལ་	NOUN
གྱིས་	གིས་	PART
རྟགས་	རྟགས་	NOUN
མཚོན་	མཚོན་	NOUN
ན་	ལ་	PART
བསྙེན་པ་	བསྙེན་པ་	VERB
སྐྱོལ་བ་	སྐྱོལ་བ་	VERB
འི་	གི་	PART
རྟགས་	རྟགས་	NOUN
གང་	གང་	NO_POS
མཆིས་	མཆིས་	VERB
༔		PUNCT
ཏིང་ངེ་འཛིན་	ཏིང་ངེ་འཛིན་	NOUN
གཡེལ་	གཡེལ་	NO_POS
ན་	ལ་	PART
རྟགས་	རྟགས་	NOUN
གང་	གང་	NO_POS
མཆིས་	མཆིས་	VERB
༔		PUNCT
ཏིང་ངེ་འཛིན་	ཏིང་ངེ་འཛིན་	NOUN
ཐང་ལྷོད་	ཐང་ལྷོད་	NO_POS
ཤོ་	ཤོ་	NOUN
ར་	ལ་	PART
ན་	ལ་	PART
རྟགས་	རྟགས་	NOUN
གང་	གང་	NO_POS
མཆིས་	མཆིས་	VERB
༔		PUNCT
གཏོར་མ་	གཏོར་མ་	NOUN
འདོད་	འདོད་	VERB
ན་	ལ་	PART
རྟགས་	རྟགས་	NOUN
གང་	གང་	NO_POS
མཆིས་	མཆིས་	VERB
༔		PUNCT
ཞུས་པ་	ཞུས་པ་	VERB
ས་	གིས་	PART
༔		PUNCT
མ་	མ་	PART
ཧཱ་		NON_WORD
གུ་རུ་	གུ་རུ་	PROPN
ས་	གིས་	PART
བཀའ་	བཀའ་	NOUN
བསྩལ་པ་	བསྩལ་པ་	NO_POS
༔		PUNCT
བསྙེན་པ་	བསྙེན་པ་	VERB
རྫོགས་	རྫོགས་	VERB
ན་	ནས་	PART
རང་	རང་	PRON
གི་	གི་	PART
གཞུང་	གཞུང་	NOUN
ན་	ནས་	PART
རྟགས་	རྟགས་	NOUN
བཤད་པ་	བཤད་པ་	VERB
རྣམས་	རྣམས་	DET
ཡོང་	ཡོང་	NO_POS
༔		PUNCT
ཏིང་ངེ་འཛིན་	ཏིང་ངེ་འཛིན་	NOUN
གཡེལ་	གཡེལ་	NO_POS
ན་	ལ་	PART
རྨི་ལམ་	རྨི་ལམ་	NOUN
དུ་	ལ་	PART
ཐང་སྟོང་	ཐང་སྟོང་	PROPN
དང་	དང་	NO_POS
ལུང་སྟོང་	ལུང་སྟོང་	NOUN
དུ་	ལ་	PART
ཕྱིན་པ་	ཕྱིན་པ་	VERB
རྨི་	རྨི་	NO_POS
ཡོང་	ཡོང་	NO_POS
༔		PUNCT
ཤེས་པ་	ཤེས་པ་	VERB
བྱིན་	བྱིན་	VERB
མ་ཆགས་པ་	མ་ཆགས་པ་	NO_POS
ཡོང་	ཡོང་	NO_POS
༔		PUNCT
ཏིང་ངེ་འཛིན་	ཏིང་ངེ་འཛིན་	NOUN
ཐང་ལྷོད་	ཐང་ལྷོད་	NO_POS
ཤོ་	ཤོ་	NOUN
ར་	ལ་	PART
ན་	ལ་	PART
མདུང་	མདུང་	NOUN
དང་	དང་	NO_POS
རལ་གྲི་	རལ་གྲི་	NOUN
ལ་སོགས་	ལ་སོགས་	NO_POS
ཡུ་བ་	ཡུ་བ་	NOUN
མེད་པ་	མེད་པ་	VERB
འམ་	གམ་	PART
༔		PUNCT
མེ་ལོང་	མེ་ལོང་	NOUN
མི་	མི་	PART
གསལ་བ་	གསལ་བ་	VERB
རྨི་ལམ་	རྨི་ལམ་	NOUN
དུ་	ལ་	PART
འོང་	འོང་	VERB
ངོ་	གོ་	PART
༔		PUNCT
གཏོར་མ་	གཏོར་མ་	NOUN
འདོད་	འདོད་	VERB
ན་	ལ་	PART
༔		PUNCT
སྟོན་མོ་	སྟོན་མོ་	NOUN
བྱེད་པ་	བྱེད་པ་	VERB
དང་	དང་	NO_POS
༔		PUNCT
ཤ་ཆང་	ཤ་ཆང་	NOUN
འདྲེན་པ་	འདྲེན་པ་	VERB
དང་	དང་	NO_POS
༔		PUNCT
ཟ་	ཟ་	NOUN
ཕ་		
ཟ་	ཟ་	VERB
ཚུ་		
འཐུང་བྱེད་པ་	འཐུང་བྱེད་པ་	NO_POS
རྨི་ལམ་	རྨི་ལམ་	NOUN
དུ་	ལ་	PART
ཡོང་	ཡོང་	NO_POS
༔		PUNCT
ངོ་ཚ་	ངོ་ཚ་	NOUN
སྣོལ་	སྣོལ་	NO_POS
ན་	ནས་	PART
ཕོ་མཚན་	ཕོ་མཚན་	NOUN
མོ་མཚན་	མོ་མཚན་	NO_POS
སྟོན་པ་	སྟོན་པ་	NOUN
ཡོང་	ཡོང་	NO_POS
༔		PUNCT
ནུ་མ་	ནུ་མ་	NOUN
སྟོན་པ་	སྟོན་པ་	NOUN
བྱུང་	བྱུང་	VERB
ན་	ལ་	PART
གཏོར་མ་	གཏོར་མ་	NOUN
འདོད་པ་	འདོད་པ་	VERB
ཡིན་	ཡིན་	NO_POS
༔		PUNCT
རྣལ་འབྱོར་པ་	རྣལ་འབྱོར་པ་	NOUN
རང་	རང་	PRON
ཡང་	ཀྱང་	PART
སྔ་	སྔ་	NOUN
བ་	བ་	ADP
གྲོད་པ་	གྲོད་པ་	NO_POS
ཆེ་	ཆེ་	VERB
ར་	ལ་	PART
འགྲོ་	འགྲོ་	VERB
༔		PUNCT
ཟས་སྐོམ་	ཟས་སྐོམ་	OTHER
དུང་དུང་	དུང་དུང་	NO_POS
འདོད་པ་	འདོད་པ་	VERB
བྱུང་	བྱུང་	VERB
ན་	ལ་	PART
གཏོར་མ་	གཏོར་མ་	NOUN
འདོད་པ་	འདོད་པ་	VERB
ཡིན་	ཡིན་	NO_POS
༔		PUNCT
འདོད་པ་	འདོད་པ་	VERB
ལ་མ་	ལ་མ་	NO_POS
བྱིན་	བྱིན་	VERB
ན་	ལ་	PART
ཕྱུགས་	ཕྱུགས་	NOUN
ལ་	ལ་	PART
གོད་ཁ་	གོད་ཁ་	NO_POS
ཡོང་བ་	ཡོང་བ་	VERB
ས་	གིས་	PART
གཏོར་མ་	གཏོར་མ་	NOUN
ལ་	ལ་	PART
བརྩོན་པ་	བརྩོན་པ་	VERB
ར་	ལ་	PART
བྱ་	བྱ་	VERB
འོ་	གོ་	PART
༔		PUNCT
རྣལ་འབྱོར་པ་	རྣལ་འབྱོར་པ་	NOUN
བར་ཆད་	བར་ཆད་	NOUN
ཟློག་པ་	ཟློག་པ་	VERB
འི་	གི་	PART
མན་ངག་	མན་ངག་	NOUN
ཡིན་	ཡིན་	NO_POS
ནོ་	གོ་	PART
༔		PUNCT
ཡང་	ཀྱང་	PART
ཞུས་པ་	ཞུས་པ་	VERB
༔		PUNCT
སློབ་དཔོན་	སློབ་དཔོན་	NOUN
ཆེན་པོ་	ཆེན་པོ་	ADJ
ལགས་	ལགས་	AUX
༔		PUNCT
ལྷ་འདྲེ་	ལྷ་འདྲེ་	NOUN
གང་ཡིན་	གང་ཡིན་	NO_POS
ཡང་	ཀྱང་	PART
བསྒྲུབ་	བསྒྲུབ་	VERB
ན་	ལ་	PART
མི་	མི་	PART
འགྲུབ་པ་	འགྲུབ་པ་	VERB
འི་	གི་	PART
རྟགས་	རྟགས་	NOUN
གང་	གང་	NO_POS
ལགས་	ལགས་	AUX
༔		PUNCT
ཟློག་པ་	ཟློག་པ་	VERB
མཁན་	མཁན་	PROPN
ཡོད་པ་	ཡོད་པ་	VERB
འི་	གི་	PART
རྟགས་	རྟགས་	NOUN
གང་	གང་	NO_POS
ལགས་	ལགས་	AUX
༔		PUNCT
བར་ཆད་	བར་ཆད་	NOUN
ཡོང་བ་	ཡོང་བ་	VERB
འི་	གི་	PART
རྟགས་	རྟགས་	NOUN
གང་	གང་	NO_POS
ལགས་	ལགས་	AUX
༔		PUNCT
གུ་རུ་	གུ་རུ་	PROPN
ས་	གིས་	PART
གསུངས་པ་	གསུངས་པ་	VERB
༔		PUNCT
གླུ་	གླུ་	NOUN
ལེན་པ་	ལེན་པ་	VERB
དང་	དང་	NO_POS
༔		PUNCT
རྟ་	རྟ་	NOUN
རྐྱང་	རྐྱང་	OTHER
གི་	གི་	PART
ཁྱུ་	ཁྱུ་	NOUN
༔		PUNCT
ལག་རྡུམ་	ལག་རྡུམ་	NO_POS
དང་	དང་	NO_POS
༔		PUNCT
ཞ་	ཞ་	OTHER
གྲུམ་	གྲུམ་	NO_POS
དང་	དང་	NO_POS
༔		PUNCT
ཐུར་	ཐུར་	NOUN
དུ་	ལ་	PART
བབ་པ་	བབ་པ་	VERB
དང་	དང་	NO_POS
༔		PUNCT
གཅན་ཟན་	གཅན་ཟན་	NO_POS
དང་	དང་	NO_POS
དུད་འགྲོ་	དུད་འགྲོ་	NOUN
གང་ཡང་	གང་ཡང་	NO_POS
རུང་བ་	རུང་བ་	VERB
མཆེ་བ་	མཆེ་བ་	NOUN
མེད་པ་	མེད་པ་	VERB
དང་	དང་	NO_POS
༔		PUNCT
རང་	རང་	PRON
གི་	གི་	PART
གོ་	གོ་	NOUN
བཤུས་པ་	བཤུས་པ་	VERB
དང་	དང་	NO_POS
༔		PUNCT
དུག་པོ་	དུག་པོ་	NO_POS
ཧྲུལ་པོ་	ཧྲུལ་པོ་	ADJ
གྱོན་པ་	གྱོན་པ་	VERB
རྨིས་	རྨིས་	NO_POS
ན་	ལ་	PART
༔		PUNCT
ཇི་ལྟ་		
བསྒྲུབས་	བསྒྲུབས་	VERB
ཀྱང་	ཀྱང་	PART
མི་	མི་	PART
འགྲུབ་པ་	འགྲུབ་པ་	VERB
འི་	གི་	PART
རྟགས་	རྟགས་	NOUN
སོ་	གོ་	PART
༔		PUNCT
སྒོ་ཁྱི་	སྒོ་ཁྱི་	NOUN
རང་	རང་	PRON
ལ་	ལ་	PART
ཟུག་པ་	ཟུག་པ་	VERB
དང་	དང་	NO_POS
༔		PUNCT
བྲན་	བྲན་	NOUN
ཁོལ་	ཁོལ་	OTHER
གྱིས་	གིས་	PART
བཀའ་	བཀའ་	NOUN
མི་	མི་	PART
ཉན་པ་	ཉན་པ་	VERB
དང་	དང་	NO_POS
༔		PUNCT
རང་	རང་	PRON
གི་	གི་	PART
སྤུན་ཟླ་	སྤུན་ཟླ་	OTHER
འམ་	གམ་	PART
༔		PUNCT
ཕ་ཁུ་	ཕ་ཁུ་	NO_POS
ཁྲོ་	ཁྲོ་	VERB
ས་	གིས་	PART
ན་	ནས་	PART
རང་	རང་	PRON
ལ་	ལ་	PART
དྲེགས་པ་	དྲེགས་པ་	VERB
དང་	དང་	NO_POS
རྒོལ་བ་	རྒོལ་བ་	VERB
དང་	དང་	NO_POS
༔		PUNCT
ཁྲོ་	ཁྲོ་	VERB
ཞིང་	ཅིང་	PART
འཚིག་པ་	འཚིག་པ་	NO_POS
ཟ་བ་	ཟ་བ་	VERB
རྨིས་	རྨིས་	NO_POS
ན་	ལ་	PART
༔		PUNCT
ལྷ་འདྲེ་	ལྷ་འདྲེ་	NOUN
འི་	གི་	PART
འཁུ་ལྡོག་	འཁུ་ལྡོག་	NO_POS
ཡོང་བ་	ཡོང་བ་	VERB
འི་	གི་	PART
རྟགས་	རྟགས་	NOUN
ཡིན་	ཡིན་	NO_POS
ནོ་	གོ་	PART
༔		PUNCT
ཡུགས་	ཡུགས་	NO_POS
ས་	ས་	ADP
དང་	དང་	NO_POS
༔		PUNCT
མཛེ་མོ་	མཛེ་མོ་	NO_POS
དང་	དང་	NO_POS
༔		PUNCT
མྱ་ངན་	མྱ་ངན་	NOUN
བྱེད་པ་	བྱེད་པ་	VERB
དང་	དང་	NO_POS
༔		PUNCT
ཁ་ཆ་	ཁ་ཆ་	NOUN
དང་	དང་	NO_POS
༔		PUNCT
བུ་ཡུག་	བུ་ཡུག་	NOUN
དང་	དང་	NO_POS
༔		PUNCT
འདམ་རྫབ་	འདམ་རྫབ་	NO_POS
དང་	དང་	NO_POS
༔		PUNCT
འཚུབ་མ་	འཚུབ་མ་	OTHER
རྨིས་	རྨིས་	NO_POS
ན་	ལ་	PART
ཉམས་གྲིབ་	ཉམས་གྲིབ་	NO_POS
ཀྱིས་	གིས་	PART
ཕོག་པ་	ཕོག་པ་	VERB
འི་	གི་	PART
རྟགས་	རྟགས་	NOUN
ཡིན་	ཡིན་	NO_POS
ནོ་	གོ་	PART
༔		PUNCT
བདག་	བདག་	PRON
མི་	མི་	PART
གཞན་	གཞན་	DET
གྱིས་	གིས་	PART
དེད་པ་	དེད་པ་	VERB
དང་	དང་	NO_POS
༔		PUNCT
གཡང་	གཡང་	NOUN
ལ་	ལ་	PART
ལྟུང་བ་	ལྟུང་བ་	VERB
དང་	དང་	NO_POS
༔		PUNCT
ཟམ་པ་	ཟམ་པ་	NOUN
ལ་	ལ་	PART
ཕྱིན་པ་	ཕྱིན་པ་	VERB
དང་	དང་	NO_POS
༔		PUNCT
རྦབ་	རྦབ་	VERB
ཡང་ཡང་	ཡང་ཡང་	NO_POS
ཕོག་པ་	ཕོག་པ་	VERB
དང་	དང་	NO_POS
༔		PUNCT
རང་	རང་	PRON
མཚོན་	མཚོན་	NOUN
རང་	རང་	PRON
ལ་	ལ་	PART
ཟུག་པ་	ཟུག་པ་	VERB
རྨིས་	རྨིས་	NO_POS
ན་བ་	ན་བ་	VERB
ར་	ལ་	PART
ཆད་	ཆད་	VERB
འོང་བ་	འོང་བ་	VERB
དང་	དང་	NO_POS
ཟློག་པ་	ཟློག་པ་	VERB
མཁན་	མཁན་	PROPN
ཡོད་པ་	ཡོད་པ་	VERB
འི་	གི་	PART
རྟགས་	རྟགས་	NOUN
ཡིན་	ཡིན་	NO_POS
ནོ་	གོ་	PART
༔		PUNCT
རྐང་ལག་	རྐང་ལག་	NOUN
ཆད་པ་	ཆད་པ་	VERB
དང་	དང་	NO_POS
༔		PUNCT
ཞིང་	ཅིང་	PART
ལ་	ལ་	PART
ཆུ་	ཆུ་	NOUN
བཏང་	བཏང་	VERB
འཕྲོ་	འཕྲོ་	NOUN
ལུས་པ་	ལུས་པ་	VERB
དང་	དང་	NO_POS
༔		PUNCT
སོ་	གོ་	PART
འདོན་པ་	འདོན་པ་	VERB
དང་	དང་	NO_POS
༔		PUNCT
ལ་	ལ་	ADP
ས་	གིས་	PART
བྱེད་	བྱེད་	VERB
འཕྲོ་	འཕྲོ་	NOUN
ལུས་པ་	ལུས་པ་	VERB
དང་	དང་	NO_POS
༔		PUNCT
དེ་	སྟེ་	PART
ཚོ་	ཚོ་	DET
རྨིས་	རྨིས་	NO_POS
ན་	ལ་	PART
ལྷ་མ་	ལྷ་མ་	PROPN
ཆུན་པ་	ཆུན་པ་	NO_POS
འི་	གི་	PART
རྟགས་	རྟགས་	NOUN
ཡིན་	ཡིན་	NO_POS
༔		PUNCT
དེ་	སྟེ་	PART
ལ་སོགས་པ་	ལ་སོགས་པ་	NO_POS
རང་	རང་	PRON
གི་	གི་	PART
རིགས་པ་	རིགས་པ་	VERB
ས་	གིས་	PART
ཤེས་པ་	ཤེས་པ་	VERB
ར་	ལ་	PART
བྱ་	བྱ་	VERB
འོ་	གོ་	PART
༔		PUNCT
ཡང་	ཀྱང་	PART
ཞུས་པ་	ཞུས་པ་	VERB
༔		PUNCT
སློབ་དཔོན་	སློབ་དཔོན་	NOUN
ཆེན་པོ་	ཆེན་པོ་	ADJ
ལགས་	ལགས་	AUX
༔		PUNCT
སྔགས་	སྔགས་	NOUN
མ་ཚང་བ་	མ་ཚང་བ་	NO_POS
འི་	གི་	PART
རྟགས་	རྟགས་	NOUN
གང་	གང་	NO_POS
ལགས་	ལགས་	AUX
༔		PUNCT
རྫ་	རྫ་	NOUN
མ་ཚང་བ་	མ་ཚང་བ་	NO_POS
འི་	གི་	PART
རྟགས་	རྟགས་	NOUN
གང་	གང་	NO_POS
ལགས་	ལགས་	AUX
༔		PUNCT
ལ་	ལ་	ADP
ས་	གིས་	PART
སྔགས་	སྔགས་	NOUN
ཆད་པ་	ཆད་པ་	VERB
འི་	གི་	PART
རྟགས་	རྟགས་	NOUN
གང་	གང་	NO_POS
ལགས་	ལགས་	AUX
༔		PUNCT
རྫ་	རྫ་	NOUN
ལ་	ལ་	PART
ལྷག་ཆད་བོ་	ལྷག་ཆད་བོ་	NOUN
ཟག་	ཟག་	VERB
བྱུང་བ་	བྱུང་བ་	VERB
འི་	གི་	PART
རྟགས་	རྟགས་	NOUN
གང་	གང་	NO_POS
ལགས་	ལགས་	AUX
༔		PUNCT
མ་	མ་	PART
ཧཱ་		NON_WORD
གུ་རུ་	གུ་རུ་	PROPN
ས་	གིས་	PART
བཀའ་	བཀའ་	NOUN
བསྩལ་པ་	བསྩལ་པ་	NO_POS
༔		PUNCT
སྔགས་	སྔགས་	NOUN
མ་ཚང་	མ་ཚང་	NO_POS
ན་	ལ་	PART
རྨི་ལམ་	རྨི་ལམ་	NOUN
དུ་	ལ་	PART
རྟ་སྲབ་	རྟ་སྲབ་	NO_POS
མེད་པ་	མེད་པ་	VERB
དང་	དང་	NO_POS
༔		PUNCT
མཚོན་	མཚོན་	NOUN
ཡུ་བ་	ཡུ་བ་	NOUN
མེད་པ་	མེད་པ་	VERB
དང་	དང་	NO_POS
༔		PUNCT
སྡོང་པོ་	སྡོང་པོ་	NOUN
ཡལ་ག་	ཡལ་ག་	NOUN
མེད་པ་	མེད་པ་	VERB
དང་	དང་	NO_POS
༔		PUNCT
དེ་	སྟེ་	PART
རྣམས་	རྣམས་	DET
རྨིས་	རྨིས་	NO_POS
ན་	ལ་	PART
སྔགས་	སྔགས་	NOUN
མ་ཚང་བ་	མ་ཚང་བ་	NO_POS
འི་	གི་	PART
རྟགས་	རྟགས་	NOUN
ཡིན་	ཡིན་	NO_POS
ནོ་	གོ་	PART
༔		PUNCT
ལ་	ལ་	ADP
ས་	གིས་	PART
བྱེད་	བྱེད་	VERB
དུ་	ལ་	PART
འགྲོ་	འགྲོ་	VERB
འདོད་པ་	འདོད་པ་	VERB
ལ་	ལ་	PART
ལག་ཆ་	ལག་ཆ་	NOUN
མེད་པ་	མེད་པ་	VERB
དང་	དང་	NO_POS
༔		PUNCT
ཕྲེང་ཐག་	ཕྲེང་ཐག་	NO_POS
ཆད་པ་	ཆད་པ་	VERB
དང་	དང་	NO_POS
༔		PUNCT
མི་	མི་	PART
གཞན་	གཞན་	DET
ལ་ལ་	ལ་ལ་	PRON
ས་	གིས་	PART
བཅོལ་བ་	བཅོལ་བ་	VERB
ས་	གིས་	PART
མ་	མ་	PART
ཉན་པ་	ཉན་པ་	VERB
དང་	དང་	NO_POS
༔		PUNCT
ཁང་	ཁང་	NOUN
སྟོང་	སྟོང་	NUM
དུ་	ལ་	PART
ཕྱིན་པ་	ཕྱིན་པ་	VERB
དང་	དང་	NO_POS
༔		PUNCT
སྣོད་	སྣོད་	NOUN
སྟོང་	སྟོང་	NUM
ཐོགས་པ་	ཐོགས་པ་	VERB
དང་	དང་	NO_POS
༔		PUNCT
དེ་	སྟེ་	PART
རྣམས་	རྣམས་	DET
རྨིས་	རྨིས་	NO_POS
ན་	ལ་	PART
རྫ་	རྫ་	NOUN
མ་	མ་	PART
འཚོགས་པ་	འཚོགས་པ་	VERB
ཡིན་	ཡིན་	NO_POS
ནོ་	གོ་	PART
༔		PUNCT
ལ་	ལ་	ADP
ས་	གིས་	PART
སྔགས་	སྔགས་	NOUN
ཆད་	ཆད་	VERB
ན་	ལ་	PART
༔		PUNCT
མདའ་	མདའ་	NOUN
ལ་	ལ་	PART
མདེའུ་	མདེའུ་	NOUN
མེད་པ་	མེད་པ་	VERB
དང་	དང་	NO_POS
༔		PUNCT
གྲི་སོ་	གྲི་སོ་	NO_POS
མེད་པ་	མེད་པ་	VERB
དང་	དང་	NO_POS
༔		PUNCT
མཚོན་	མཚོན་	NOUN
རྩེ་མོ་	རྩེ་མོ་	NOUN
ཆག་པ་	ཆག་པ་	VERB
དང་	དང་	NO_POS
༔		PUNCT
གྲོག་པོ་	གྲོག་པོ་	NOUN
སྟོང་པ་	སྟོང་པ་	VERB
རྨིས་	རྨིས་	NO_POS
ན་	ལ་	PART
༔		PUNCT
ལ་	ལ་	ADP
ས་	གིས་	PART
སྔགས་	སྔགས་	NOUN
ཆད་པ་	ཆད་པ་	VERB
ཡིན་	ཡིན་	NO_POS
༔		PUNCT
སྔགས་	སྔགས་	NOUN
ནོར་	ནོར་	NOUN
ན་	ལ་	PART
བདག་	བདག་	PRON
ལ་	ལ་	PART
སློབ་དཔོན་	སློབ་དཔོན་	NOUN
རྒོལ་བ་	རྒོལ་བ་	VERB
དང་	དང་	NO_POS
༔		PUNCT
ཨ་ཙ་ར་	ཨ་ཙ་ར་	NOUN
ས་	གིས་	PART
རྒྱ་སྐད་	རྒྱ་སྐད་	OTHER
དུ་	ལ་	PART
སྨྲ་བ་	སྨྲ་བ་	VERB
དང་	དང་	NO_POS
༔		PUNCT
བདག་	བདག་	PRON
ཆེན་པོ་	ཆེན་པོ་	ADJ
ན་	ནས་	PART
ཕྲིན་	ཕྲིན་	NOUN
བསྐུར་བ་	བསྐུར་བ་	VERB
དང་	དང་	NO_POS
༔		PUNCT
དེ་	སྟེ་	PART
རྣམས་	རྣམས་	DET
རྨིས་	རྨིས་	NO_POS
ན་	ལ་	PART
སྔགས་	སྔགས་	NOUN
ནོར་བ་	ནོར་བ་	VERB
ཡིན་	ཡིན་	NO_POS
ནོ་	གོ་	PART
༔		PUNCT
རྫ་	རྫ་	NOUN
མ་	མ་	PART
འཚོགས་	འཚོགས་	VERB
ན་	ལ་	PART
ཀ་ཆ་	ཀ་ཆ་	NO_POS
སྟོར་བ་	སྟོར་བ་	VERB
དང་	དང་	NO_POS
༔		PUNCT
སྣོད་ཞབས་	སྣོད་ཞབས་	NO_POS
མེད་པ་	མེད་པ་	VERB
དང་	དང་	NO_POS
༔		PUNCT
ཕྱི་ས་	ཕྱི་ས་	NO_POS
རང་	རང་	PRON
གིས་	གིས་	PART
ཕྱགས་པ་	ཕྱགས་པ་	NOUN
རྨིས་	རྨིས་	NO_POS
ན་	ལ་	PART
རྫས་ཡོད་པ་	རྫས་ཡོད་པ་	NO_POS
ནོར་	ནོར་	NOUN
སྟོར་བ་	སྟོར་བ་	VERB
ཡིན་	ཡིན་	NO_POS
༔		PUNCT
གཞན་	གཞན་	DET
ཡང་	ཀྱང་	PART
རང་	རང་	PRON
གིས་	གིས་	PART
ཁྱིམ་	ཁྱིམ་	NOUN
གྱི་	གི་	PART
ལུད་	ལུད་	NOUN
འདོན་པ་	འདོན་པ་	VERB
དང་	དང་	NO_POS
༔		PUNCT
ཁྲུ་	ཁྲུ་	NOUN
བྱས་པ་	བྱས་པ་	VERB
དང་	དང་	NO_POS
༔		PUNCT
འཕུར་	འཕུར་	NO_POS
ཞིང་	ཅིང་	PART
འགྲོ་བ་	འགྲོ་བ་	VERB
རྨིས་	རྨིས་	NO_POS
ན་	ལ་	PART
༔		PUNCT
ཀ་ཆ་	ཀ་ཆ་	NO_POS
ཆུང་	ཆུང་	VERB
དུ་	ལ་	PART
འགྲོ་བ་	འགྲོ་བ་	VERB
ཡིན་	ཡིན་	NO_POS
གསུངས་	གསུངས་	VERB
༔		PUNCT
ཡང་	ཀྱང་	PART
ཞུས་པ་	ཞུས་པ་	VERB
༔		PUNCT
སྔགས་	སྔགས་	NOUN
ཀྱི་	གི་	PART
བདག་པོ་	བདག་པོ་	NOUN
བདག་	བདག་	PRON
ལ་	ལ་	PART
ཉན་པ་	ཉན་པ་	VERB
འི་	གི་	PART
རྟགས་	རྟགས་	NOUN
གང་	གང་	NO_POS
ལགས་	ལགས་	AUX
༔		PUNCT
ལ་	ལ་	ADP
ས་	གིས་	PART
ལ་	ལ་	PART
ཚུད་པ་	ཚུད་པ་	VERB
འི་	གི་	PART
རྟགས་	རྟགས་	NOUN
གང་	གང་	NO_POS
ལགས་	ལགས་	AUX
༔		PUNCT
ལ་	ལ་	ADP
ས་	གིས་	PART
གྲུབ་པ་	གྲུབ་པ་	VERB
འི་	གི་	PART
རྟགས་	རྟགས་	NOUN
གང་	གང་	NO_POS
ལགས་	ལགས་	AUX
༔		PUNCT
ལ་	ལ་	ADP
ས་	གིས་	PART
བྱེད་པ་	བྱེད་པ་	VERB
འི་	གི་	PART
རྟགས་	རྟགས་	NOUN
གང་	གང་	NO_POS
ལགས་	ལགས་	AUX
༔		PUNCT
བརྡ་	བརྡའ་	NOUN
འི་	གི་	PART
རྟགས་	རྟགས་	NOUN
གང་	གང་	NO_POS
ལགས་	ལགས་	AUX
༔		PUNCT
སྔགས་	སྔགས་	NOUN
ལ་སོ་	ལ་སོ་	NO_POS
བཏགས་	བཏགས་	VERB
རན་པ་	རན་པ་	VERB
འི་	གི་	PART
རྟགས་	རྟགས་	NOUN
གང་	གང་	NO_POS
ལགས་	ལགས་	AUX
༔		PUNCT
ཞེ་	ཅེས་	PART
ཞུས་པ་	ཞུས་པ་	VERB
ས་	གིས་	PART
༔		PUNCT
མ་	མ་	PART
ཧཱ་		NON_WORD
གུ་རུ་	གུ་རུ་	PROPN
ས་	གིས་	PART
བཀའ་	བཀའ་	NOUN
བསྩལ་པ་	བསྩལ་པ་	NO_POS
༔		PUNCT
ཉན་པ་	ཉན་པ་	VERB
འི་	གི་	PART
རྟགས་	རྟགས་	NOUN
བསྙེན་སྒྲུབ་	བསྙེན་སྒྲུབ་	NOUN
ལ་	ལ་	ADP
ས་	གིས་	PART
སྦྱོར་	སྦྱོར་	VERB
གྱི་	གི་	PART
རྟགས་	རྟགས་	NOUN
གང་	གང་	NO_POS
བྱུང་	བྱུང་	VERB
ཡང་	ཀྱང་	PART
ཡིན་	ཡིན་	NO_POS
ནོ་	གོ་	PART
༔		PUNCT
ཁྱད་པར་	ཁྱད་པར་	NOUN
དུ་	ལ་	PART
འབངས་	འབངས་	NOUN
ཁོལ་བ་	ཁོལ་བ་	VERB
དང་	དང་	NO_POS
༔		PUNCT
དུད་འགྲོ་	དུད་འགྲོ་	NOUN
དེད་པ་	དེད་པ་	VERB
ཀུན་	ཀུན་	DET
ཡིན་	ཡིན་	NO_POS
༔		PUNCT
ལ་	ལ་	ADP
ས་	གིས་	PART
ལ་	ལ་	PART
ཚུད་པ་	ཚུད་པ་	VERB
འི་	གི་	PART
རྟགས་	རྟགས་	NOUN
ནི་	ནི་	NO_POS
༔		PUNCT
ཤིང་	ཅིང་	PART
གཅོད་པ་	གཅོད་པ་	VERB
དང་	དང་	NO_POS
༔		PUNCT
མཁའ་	མཁའ་	NOUN
བཤིག་པ་	བཤིག་པ་	VERB
དང་	དང་	NO_POS
༔		PUNCT
སྒྱོགས་	སྒྱོགས་	NO_POS
བརྒྱབ་པ་	བརྒྱབ་པ་	VERB
དང་	དང་	NO_POS
༔		PUNCT
གཡུལ་འགྱེད་པ་	གཡུལ་འགྱེད་པ་	OTHER
དང་	དང་	NO_POS
༔		PUNCT
དམག་	དམག་	NOUN
འདྲེན་པ་	འདྲེན་པ་	VERB
དང་	དང་	NO_POS
༔		PUNCT
རྔོན་	རྔོན་	NO_POS
བྱེད་པ་	བྱེད་པ་	VERB
དང་	དང་	NO_POS
༔		PUNCT
དགྲ་	དགྲ་	NOUN
དངོ་	དངོ་	NOUN
གསོད་པ་	གསོད་པ་	VERB
དང་	དང་	NO_POS
༔		PUNCT
དེ་	སྟེ་	PART
ལ་སོགས་པ་	ལ་སོགས་པ་	NO_POS
རྨིས་	རྨིས་	NO_POS
ན་	ལ་	PART
ལ་	ལ་	ADP
ས་	གིས་	PART
ལ་	ལ་	PART
ཚུད་པ་	ཚུད་པ་	VERB
འི་	གི་	PART
རྟགས་	རྟགས་	NOUN
ཡིན་	ཡིན་	NO_POS
ནོ་	གོ་	PART
༔		PUNCT
		
ལ་	ལ་	ADP
ས་	གིས་	PART
ཟིན་པ་	ཟིན་པ་	VERB
འི་	གི་	PART
རྟགས་	རྟགས་	NOUN
ནི་	ནི་	NO_POS
༔		PUNCT
སྡོང་པོ་	སྡོང་པོ་	NOUN
འགྱེལ་བ་	འགྱེལ་བ་	VERB
དང་	དང་	NO_POS
༔		PUNCT
ཞིང་	ཅིང་	PART
རྨོས་པ་	རྨོས་པ་	VERB
དང་	དང་	NO_POS
༔		PUNCT
སྙིང་	སྙིང་	NOUN
ཟོས་པ་	ཟོས་པ་	VERB
དང་	དང་	NO_POS
༔		PUNCT
སྲོག་རྩ་	སྲོག་རྩ་	NO_POS
གཏུབ་པ་	གཏུབ་པ་	VERB
དང་	དང་	NO_POS
༔		PUNCT
ཤ་	ཤ་	NOUN
བཙོས་པ་	བཙོས་པ་	VERB
ཟོས་པ་	ཟོས་པ་	VERB
རྨིས་	རྨིས་	NO_POS
ན་	ལ་	PART
༔		PUNCT
ལ་	ལ་	ADP
ས་	གིས་	PART
ཟིན་པ་	ཟིན་པ་	VERB
འི་	གི་	PART
རྟགས་	རྟགས་	NOUN
ཡིན་	ཡིན་	NO_POS
ནོ་	གོ་	PART
༔		PUNCT
བརྡ་	བརྡའ་	NOUN
འི་	གི་	PART
རྟགས་	རྟགས་	NOUN
མཚོན་	མཚོན་	NOUN
ཁྱེར་བ་	ཁྱེར་བ་	VERB
དང་	དང་	NO_POS
༔		PUNCT
ཕྱི་	ཕྱི་	VERB
ཕྱི་	ཕྱི་	VERB
ཡོང་	ཡོང་	NO_POS
ངོ་	གོ་	PART
༔		PUNCT
སྔགས་	སྔགས་	NOUN
ལ་སོ་	ལ་སོ་	NO_POS
བཏགས་	བཏགས་	VERB
རན་པ་	རན་པ་	VERB
འི་	གི་	PART
རྟགས་	རྟགས་	NOUN
ནི་	ནི་	NO_POS
༔		PUNCT
མཚོན་ཆ་	མཚོན་ཆ་	NOUN
བདག་	བདག་	PRON
ལ་	ལ་	PART
གཏད་པ་	གཏད་པ་	VERB
དང་	དང་	NO_POS
༔		PUNCT
གྲི་	གྲི་	NOUN
དང་	དང་	NO_POS
མདུང་	མདུང་	NOUN
བརྡུང་བ་	བརྡུང་བ་	VERB
དང་	དང་	NO_POS
༔		PUNCT
མདའ་	མདའ་	NOUN
དང་	དང་	NO_POS
མདེའུ་	མདེའུ་	NOUN
མང་པོ་	མང་པོ་	ADJ
སྟེར་བ་	སྟེར་བ་	VERB
དང་	དང་	NO_POS
༔		PUNCT
སྔགས་	སྔགས་	NOUN
ཀྱི་	གི་	PART
ང་	ང་	NOUN
སོ་	གོ་	PART
བཏགས་	བཏགས་	VERB
ཤིང་	ཅིང་	PART
དྲག་པོ་	དྲག་པོ་	ADJ
འི་	གི་	PART
ལ་	ལ་	ADP
ས་	གིས་	PART
བྱ་	བྱ་	VERB
རན་པ་	རན་པ་	VERB
འི་	གི་	PART
རྟགས་	རྟགས་	NOUN
སོ་	གོ་	PART
༔		PUNCT
ཞེ་	ཅེས་	PART
སློབ་དཔོན་	སློབ་དཔོན་	NOUN
གྱིས་	གིས་	PART
རྒྱལ་པོ་	རྒྱལ་པོ་	NOUN
ལ་	ལ་	PART
གདམས་པ་	གདམས་པ་	VERB
འོ་	གོ་	PART
༔		PUNCT
ྀཨཚ་		NON_WORD
༔		PUNCT
རྒྱལ་པོ་	རྒྱལ་པོ་	NOUN
མཉེས་	མཉེས་	VERB
ན་	ནས་	PART
ཡི་གེ་	ཡི་གེ་	NOUN
ར་	ལ་	PART
བཀོད་པ་	བཀོད་པ་	VERB
འོ་	གོ་	PART
༔		PUNCT
ཐུགས་རྗེ་	ཐུགས་རྗེ་	NOUN
ཅན་	ཅན་	PART
གྱི་	གི་	PART
པད་	པད་	NO_POS
འབྱུང་	འབྱུང་	VERB
དང་	དང་	NO_POS
༔		PUNCT
ལས་འཕྲོ་	ལས་འཕྲོ་	NOUN
ཅན་	ཅན་	PART
གྱི་	གི་	PART
རྒྱལ་པོ་	རྒྱལ་པོ་	NOUN
གཉིས་	གཉིས་	NUM
༔		PUNCT
སྔགས་	སྔགས་	NOUN
ཀྱི་	གི་	PART
རྒྱ་མདུད་	རྒྱ་མདུད་	OTHER
གྲོལ་བ་	གྲོལ་བ་	VERB
ར་	ལ་	PART
ཤོག་	ཤོག་	VERB
༔		PUNCT
བློ་	བློ་	NOUN
ཡི་	གི་	PART
ཐེ་ཚོམ་	ཐེ་ཚོམ་	NOUN
གྲོལ་བ་	གྲོལ་བ་	VERB
ར་	ལ་	PART
ཤོག་	ཤོག་	VERB
༔		PUNCT
བསྟན་པ་	བསྟན་པ་	VERB
ཡོངས་སུ་	ཡོངས་སུ་	NO_POS
བསྲུང་བ་	བསྲུང་བ་	VERB
ར་	ལ་	PART
ཤོག་	ཤོག་	VERB
༔		PUNCT
ལྔ་	ལྔ་	NUM
བརྒྱ་	བརྒྱ་	NUM
དུས་	དུས་	NOUN
ཀྱི་	གི་	PART
ཐ་མ་	ཐ་མ་	ADJ
ལ་	ལ་	PART
༔		PUNCT
ཆོས་ཉིད་	ཆོས་ཉིད་	NOUN
བདེན་པ་	བདེན་པ་	VERB
ས་	གིས་	PART
མ་	མ་	PART
ཐུལ་	ཐུལ་	VERB
ཞིང་	ཅིང་	PART
༔		PUNCT
དམ་ཆོས་	དམ་ཆོས་	NOUN
ནུབ་པ་	ནུབ་པ་	VERB
ར་	ལ་	PART
གྱུར་པ་	གྱུར་པ་	VERB
འི་	གི་	PART
ཚེ་	ཚེ་	NOUN
༔		PUNCT
གསང་སྔགས་	གསང་སྔགས་	NOUN
བོན་	བོན་	NO_POS
དུ་	ལ་	PART
གྱེར་པ་	གྱེར་པ་	NO_POS
འི་	གི་	PART
དུས་	དུས་	NOUN
༔		PUNCT
དམ་ཚིག་	དམ་ཚིག་	NOUN
ཉམས་པ་	ཉམས་པ་	VERB
ས་	གིས་	PART
མཐུ་རྩལ་	མཐུ་རྩལ་	NOUN
ཆུང་	ཆུང་	VERB
༔		PUNCT
དབེན་	དབེན་	VERB
རྩ་	རྩ་	NUM
ཉེས་པ་	ཉེས་པ་	VERB
ས་	གིས་	PART
སྲུང་མ་	སྲུང་མ་	NOUN
གཡེལ་	གཡེལ་	NO_POS
༔		PUNCT
དམ་	གམ་	PART
ལ་	ལ་	PART
མི་	མི་	PART
གནས་ཚུལ་	གནས་ཚུལ་	VERB
འཆོས་	འཆོས་	VERB
མང་	མང་	VERB
༔		PUNCT
སློབ་མ་	སློབ་མ་	NOUN
མེད་པ་	མེད་པ་	VERB
ར་	ལ་	PART
སློབ་དཔོན་	སློབ་དཔོན་	NOUN
རིངས་	རིངས་	VERB
༔		PUNCT
ཤེ་	ཤེ་	VERB
ལོང་	ལོང་	VERB
མེད་པ་	མེད་པ་	VERB
ར་	ལ་	PART
གཞན་	གཞན་	DET
ལ་	ལ་	PART
སྟོན་	སྟོན་	VERB
༔		PUNCT
འགྲུབ་	འགྲུབ་	VERB
རྟགས་	རྟགས་	NOUN
མེད་པ་	མེད་པ་	VERB
ར་	ལ་	PART
རྨི་ལམ་	རྨི་ལམ་	NOUN
ཟློ་	ཟློ་	NO_POS
༔		PUNCT
འགྲུབ་	འགྲུབ་	VERB
ལོང་	ལོང་	VERB
མེད་པ་	མེད་པ་	VERB
ར་	ལ་	PART
མཐུ་	མཐུ་	NOUN
ངོམས་	ངོམས་	VERB
བྱེད་	བྱེད་	VERB
༔		PUNCT
རང་	རང་	PRON
ལ་	ལ་	PART
ཟབ་མོ་	ཟབ་མོ་	ADJ
མེད་པ་	མེད་པ་	VERB
འི་	གི་	PART
རྟགས་	རྟགས་	NOUN
༔		PUNCT
སྔགས་པ་	སྔགས་པ་	NOUN
ཀུན་	ཀུན་	DET
ལ་	ལ་	PART
སྨོད་	སྨོད་	NO_POS
ཅིང་	ཅིང་	PART
འཕྱ་	འཕྱ་	NO_POS
༔		PUNCT
ཞེ་སྡང་	ཞེ་སྡང་	NOUN
གདུག་སེམས་	གདུག་སེམས་	NO_POS
ལྡན་པ་	ལྡན་པ་	VERB
འི་	གི་	PART
མི་	མི་	PART
ས་	གིས་	PART
༔		PUNCT
ཟབ་མོ་	ཟབ་མོ་	ADJ
ཡོད་	ཡོད་	VERB
ཀྱང་	ཀྱང་	PART
མི་ལ་	མི་ལ་	PROPN
སྤེལ་	སྤེལ་	VERB
༔		PUNCT
སྣོད་	སྣོད་	NOUN
ངན་བུ་	ངན་བུ་	NO_POS
ར་	ལ་	PART
སྦྱིན་	སྦྱིན་	VERB
གསང་བ་	གསང་བ་	VERB
ནི་	ནི་	NO_POS
༔		PUNCT
སློབ་མ་	སློབ་མ་	NOUN
ས་	གིས་	PART
རྫ་	རྫ་	NOUN
དང་	དང་	NO_POS
ཡོ་བྱད་	ཡོ་བྱད་	NOUN
ཆེ་	ཆེ་	VERB
ར་	ལ་	PART
༔		PUNCT
སྟེར་	སྟེར་	VERB
ཡང་	ཀྱང་	PART
དད་པ་	དད་པ་	VERB
མེད་པ་	མེད་པ་	VERB
འི་	གི་	PART
མི་	མི་	PART
༔		PUNCT
དམ་ཚིག་	དམ་ཚིག་	NOUN
གཙོ་བོ་	གཙོ་བོ་	ADJ
ར་	ལ་	PART
མི་	མི་	PART
འཛིན་པ་	འཛིན་པ་	VERB
༔		PUNCT
སྒྱུ་	སྒྱུ་	NOUN
གསོགས་		NON_WORD
ཅན་	ཅན་	PART
ལ་	ལ་	PART
གསང་བ་	གསང་བ་	VERB
ར་	ལ་	PART
གསུངས་	གསུངས་	VERB
༔		PUNCT
བརྗོད་	བརྗོད་	VERB
མེད་	མེད་	VERB
དམ་ཚིག་	དམ་ཚིག་	NOUN
དད་པ་	དད་པ་	VERB
ཅན་	ཅན་	PART
༔		PUNCT
དེ་ལྟ་	དེ་ལྟ་	NO_POS
བུ་	བུ་	NOUN
ལ་	ལ་	PART
མི་	མི་	PART
སྟེར་	སྟེར་	VERB
ན་	ལ་	PART
༔		PUNCT
བླ་མ་	བླ་མ་	NOUN
ཉིད་	ཉིད་	DET
ཀྱང་	ཀྱང་	PART
སྒྲིབ་པ་	སྒྲིབ་པ་	VERB
ར་	ལ་	PART
གསུངས་	གསུངས་	VERB
༔		PUNCT
ྀཨཚ་		NON_WORD
༔		PUNCT
ས་	ས་	ADP
མ་	མ་	PART
ཡ་	ཡ་	NOUN
༔		PUNCT
རྒྱ་	རྒྱ་	NOUN
རྒྱ་	རྒྱ་	NOUN
རྒྱ་	རྒྱ་	NOUN
༔		PUNCT
ལུང་	ལུང་	NOUN
གསེར་	གསེར་	NOUN
གྱི་	གི་	PART
ཐུར་མ་	ཐུར་མ་	NOUN
ཅན་	ཅན་	PART
ཞེ་	ཅེས་	PART
བྱ་བ་	བྱ་བ་	VERB
༔		PUNCT
གུ་རུ་	གུ་རུ་	PROPN
ས་	གིས་	PART
སྔགས་	སྔགས་	NOUN
ཀྱི་	གི་	PART
སྒོ་		
ཞུགས་པ་	ཞུགས་པ་	VERB
རྣམས་	རྣམས་	DET
ཀྱི་	གི་	PART
དོན་	དོན་	NOUN
དུ་	ལ་	PART
མཛད་པ་	མཛད་པ་	VERB
འོ་	གོ་	PART
༔		PUNCT
མངའ་བདག་	མངའ་བདག་	NOUN
མྱང་	མྱང་	VERB
གི་	གི་	PART
གཏེར་མ་	གཏེར་མ་	OTHER
འོ་	གོ་	PART
། །		PUNCT
སརྦ་	སརྦ་	NO_POS
མངྒ་		NON_WORD
ལཾ་		NON_WORD
།། །།		PUNCT
